Product Name,Price (₹),Rating,Number of Ratings
"HP Laptop 15, AMD Ryzen™ 5 7520U, 15.6-inch (39.6 cm), FHD, 8GB LPDDR5, 512GB SSD, Dual Speakers,MSO,Windows 11,Natural Silver, 1.69 kg, 15s-fc0155AU","37,990",5 out of 5 stars.,2
"HP 15s, 12th Gen Intel Core i5-1235U, 8GB DDR4, 512GB SSD, (Win 11, Office 21, Silver, 1.69kg), FY5008TU Anti-Glare, 15.6-inch(39.6cm), FHD Laptop, Intel UHD Graphics, Backlit KB, HD Camera, fq5329tu","45,022",5 out of 5 stars.,231
"Lenovo V15 G4 AMD Athlon Silver 7120U Laptop 8GB LPDDR5 Ram, 512 GB SSD PCIe, Windows 11/MS Office,15.6"" FHD Screen, AMD Radeon 610M, Silver, 1 Year Brand Warranty","24,990",5.0 out of 5 stars,4
"Acer Aspire Lite, AMD Ryzen 5-5625U, 16GB RAM, 512GB SSD, Full HD, 15.6""/39.62cm, Windows 11 Home, Steel Gray, 1.59KG, Premium Metal Body, AL15-41, Thin and Light Laptop","34,490",4.1 out of 5 stars,"1,091"
"HP 15s,12th Gen Intel Core i3-1215U, 8GB DDR4, 512 GB SSD(Win 11, Office 21, Silver, 1.69kg), Anti-Glare, 15.6inch(39.6Cm), FHD Laptop, Intel UHD Graphics, Dual Speakers, HD Camera, fy5006tu","34,499",4.6 out of 5 stars,702
"Apple MacBook Air Laptop: Apple M1 chip, 13.3-inch/33.74 cm Retina Display, 8GB RAM, 256GB SSD Storage, Backlit Keyboard, FaceTime HD Camera, Touch ID. Works with iPhone/iPad; Space Grey","1,47,990",3.9 out of 5 stars,5
"Lenovo IdeaPad Slim 1 AMD Ryzen 5 5500U 15.6"" HD Thin and Light Laptop (16GB/512GB SSD/Integrated AMD Graphics/Windows 11 Home/MSO 21/1Yr ADP Free/Cloud Grey/1.61Kg), 82R400ERIN","65,990",4.2 out of 5 stars,2
"JioBook 11 with Lifetime Office/Android 4G Laptop Mediatek 8788 (JioOS) / Octa-core/ 4GB RAM / 64 eMMC Storage/Thin and Light Laptop (11.6 inch, 990 Grams)/ Dual Band WiFi + SIM/Blue","45,022",5.0 out of 5 stars,231
"HP 255 G9 Ryzen 3 Dual Core AMD Ryzen™ 3 Processor 3250U - (8 GB/512 GB SSD/AMD Radeon Graphics) 9H237PT Thin and Light Laptop (15.6 inch, Black, 1.47 kg)",,5.0 out of 5 stars,
"Cable World Educational Laptop Computer Toy Educational Computer for Kids Above 3 Years - 20 Fun Activity Learning Machine, Now Learn Letter, Words, Games, Mathematics, Music, Logic, Memory Tool,Blue",,4.1 out of 5 stars,
"HP 15, 13th Gen Intel Core i3-1315U, 8GB DDR4, 512GB SSD, (Win 11, Office 21, Grey, 1.59kg), Anti-Glare, Micro-Edge,15.6-inch(39.6cm), FHD Laptop, Intel UHD Graphics, 1080p FHD Camera, fd0006TU","62,990",5.0 out of 5 stars,"6,516"
"Lenovo Yoga Slim 7 Aura Edition, Intel Core Ultra 7 258V, 32GB RAM, 1TB SSD, 15""/38.86cm, Windows 11, MS Office Home 2024, Grey, 1.53Kg, 83HM004NIN, Copilot+ PC AI Powered Laptop","36,990",4.5 out of 5 stars,263
"ASUS Vivobook 16, Snapdragon X Processor,(Qualcomm Adreno iGPU/16GB RAM/512GB SSD/Windows 11 Home/MS Office 365 Basic (1Year)*/16"" FHD+/AI PC/Quiet Blue/1.88 kg), X1607QA-MB049WS","12,990",4.6 out of 5 stars,342
"Lenovo V15 AMD Ryzen 7 7730U 15.6"" (39.62cm) FHD 250 Nits Antiglare Thin and Light Laptop (Free MS Office) Lifetime (16GB/512GB SSD/Windows 11/Iron Grey/1.65 Kg) 1 Year Brand Warranty, 83CRA01SIN","23,990",4.0 out of 5 stars,7
"Apple MacBook Air Laptop with M2 chip: 34.46 cm (13.6-inch) Liquid Retina Display, 8GB RAM, 512GB SSD Storage, Backlit Keyboard, 1080p FaceTime HD Camera. Works with iPhone/iPad; Space Grey",738,3.0 out of 5 stars,"3,164"
"HP 255 G10 AMD Ryzen 5 Quad Core 7520U 2.8Ghz Upto 4.3Ghz - (8 GB/512 GB SSD) 255 G10 Thin and Light Laptop (15.6 inch, Matt Silver, 1.45 kg)","39,690",2.7 out of 5 stars,"1,931"
"Lenovo IdeaPad Slim 1 Intel® Celeron® N4020 15.6 inch (39.6cm) Thin & Light Laptop (8GB RAM/512GB SSD/Windows 11 Home/Office Home & Student 2024/1Yr ADP Free/Cloud Grey/1.54Kg), 82V700L2IN","1,47,990",3.9 out of 5 stars,5
"FUTOPIA Ultimus PRO Intel Dual Core ~2.4GHz (4 GB/128 GB EMMC Storage/Windows 11 Home) NU14U3CNC43BN-MB Thin and Light Laptop (14 Inch, Gray, 1.2 kg)","65,990",4.1 out of 5 stars,2
"Lenovo V15 Intel Core i7 12th Gen 15.6"" (39.62 cm) FHD (1920x1080) Antiglare 250 nits Thin and Light Laptop (16GB RAM/512GB SSD/Windows 11 Home/Iron Grey/1Y Onsite/1.7 kg), 82TTA08AIN","41,990",5.0 out of 5 stars,83
"HP 15, 13th Gen Intel Core i5-1334U, 16GB DDR4, 512GB SSD, (Win 11, Office 21, Silver, 1.59kg), Anti-Glare, 15.6-inch(39.6cm) FHD Laptop, Iris Xe Graphics, FHD Camera, Backlit KB, fd0316TU/fd0315TU","76,990",5.0 out of 5 stars,44
"Acer [Smartchoice Aspire Lite AMD Ryzen 3 5300U Premium Thin and Light Laptop (Windows 11 Home/8 GB RAM/512 GB SSD) AL15-41 with 39.62 cm (15.6"") Full HD Display, Metal Body, Steel Gray, 1.6 KG","29,900",4.2 out of 5 stars,15
"ASUS Zenbook A14, Snapdragon X Processor,(Qualcomm Adreno iGPU/16GB RAM/512GB SSD/Windows 11 Home/MS Office 365 Basic (1Year)*/14"" FHD+ OLED/AI PC/Zabriskie Beige/0.98 kg),UX3407QA-QD258WS","25,690",4.6 out of 5 stars,1
"Lenovo IdeaPad Slim 3 12th Gen Intel Core i3-1215U 15.6"" (39.62cm) FHD Thin & Light Laptop (8GB/512GB SSD/Intel UHD Graphics/Windows 11/Office Home 2024/1Yr ADP Free/Arctic Grey/1.63Kg), 82RK01ABIN","11,990",3.5 out of 5 stars,28
"WOOKY MacBook Air M1 13 Shockproof 360 Degree PC + TPU Protection Plastic Hard Shell Flip Cover Case for MacBook Air, A1932, A2179, A2337 (Black, Clear)","44,990",5.0 out of 5 stars,8
"Lenovo Yoga Slim 7 Aura Edition, Intel Core Ultra 7 258V, 32GB RAM, 1TB SSD, 15""/38.86cm, Windows 11, MS Office Home 2024, Grey, 1.53Kg, 83HM004NIN, Copilot+ PC AI Powered Laptop","1,47,990",2.9 out of 5 stars.,5
"ASUS Zenbook A14, Snapdragon X Elite Processor,(Qualcomm Adreno iGPU/16GB RAM/512GB SSD/Windows 11 Home/MS Office 365 Basic (1Year)*/14"" FHD+ OLED/AI PC/Zabriskie Beige/0.98 kg), UX3407RA-QD054WS","1,29,990",3.5 out of 5 stars.,2
"HP Laptop 250R G9 (2024), Intel Core i3 13th Gen 1315U - (8GB/512GB SSD/Intel UHD Graphics/Windows 11 Home) Thin and Light Business Laptop/15.6"" (39.62cm)/Ash Grey/1.57 kg","31,830",3.8 out of 5 stars.,"1,501"
"HP 15, AMD Ryzen 3 7320U, 8GB LPDDR5, 512GB SSD, Anti-Glare, Micro-Edge, 15.6-inch (39.6 cm), FHD, AMD Radeon Graphics, 1080p HD Camera, (Win 11, Silver, 1.59 kg), fc0154AU","30,834",5.0 out of 5 stars,261
"Acer Aspire 3 Laptop Intel Core Celeron N4500 Processor Laptop (8 GB LPDDR4X SDRAM/512 GB SSD/Win11 Home/38 WHR/HD Webcam) A325-45 with 39.63 cm (15.6"") HD Display, Pure Silver, 1.5 KG","23,990",5.0 out of 5 stars,231
"Lenovo V15 AMD Ryzen 7 7730U 15.6"" (39.62cm) FHD 250 Nits Antiglare Thin and Light Laptop (16GB/512GB SSD/Windows 11/Iron Grey/1.65 Kg) Grey","45,022",4.0 out of 5 stars,484
"Lenovo IdeaPad Slim 1, Intel Core Celeron N4020, 8GB RAM, 512GB SSD, HD, 14"", Windows 11 Home, MS Office 21, Cloud Grey, 1.3Kg, 82V6009LIN, 1Yr Warranty, Thin and Light Laptop","33,990",3.4 out of 5 stars,263
"Lenovo V15 AMD Ryzen 3 7320U 15.6"" (39.62cm) FHD 250 Nits Antiglare Thin and Light Laptop (8GB/512GB SSD/Windows 11 Home/Arctic Grey/1.63 Kg), 83CQ000XIN","36,990",4.1 out of 5 stars,
"Lenovo V14 G3 14"" FHD Laptop, Intel Core i5-1235U, 16GB DDR4 RAM, 512GB SSD, Intel Iris Xe Graphics, Windows 11, Ms-Office Lifetime Validity, Iron Grey,1.6kg, 1 Year Onsite Brand Warranty",,4.0 out of 5 stars,
"Apple MacBook Air Laptop: Apple M1 chip, 13.3-inch/33.74 cm Retina Display, 8GB RAM, 256GB SSD Storage, Backlit Keyboard, FaceTime HD Camera, Touch ID. Works with iPhone/iPad; Space Grey",,4.0 out of 5 stars,83
"ASUS Zenbook A14, Snapdragon X Elite Processor,(Qualcomm Adreno iGPU/16GB RAM/512GB SSD/Windows 11 Home/MS Office 365 Basic (1Year)*/14"" FHD+ OLED/AI PC/Iceland Gray/0.98 kg), UX3407RA-QD061WS","39,990",4.0 out of 5 stars,275
"ASUS Zenbook A14, Snapdragon X Processor,(Qualcomm Adreno iGPU/16GB RAM/512GB SSD/Windows 11 Home/MS Office 365 Basic (1Year)*/14"" FHD+ OLED/AI PC/Iceland Gray/0.98 kg), UX3407QA-QD259WS","23,990",4.2 out of 5 stars,"6,516"
"ASUS Vivobook Go 15 (2023), AMD Ryzen 5 7520U, 16GB RAM, 512GB SSD, FHD, 15.6""/39.62cm, Windows 11, MS Office 2021, Mixed Black, 1.63KG, E1504FA-NJ542WS, Alexa Built-in, Thin & Light Laptop","26,990",4.2 out of 5 stars,137
"ASUS Vivobook 16, Intel Core i5-12500H, 16GB RAM, 512GB SSD, FHD+ 60Hz 300Nits, 16"", Windows 11, MS Office Home, Transparent Silver, 1.88KG, X1605ZAC-MB541WS, Fingerprint, 42Whr Battery Laptop","41,990",3.7 out of 5 stars,82
"Lenovo V15 Intel Celeron N4500 15.6"" (39.62 cm) FHD (1920x1080) Antiglare 250 Nits Thin and Light Laptop (8GB RAM/256GB SSD/Windows 11 Home/Black/1Y Onsite/1.7 kg), 82QYA00MIN","62,990",4.6 out of 5 stars,455
"HP Victus, 13th Gen Intel Core i7-13620H, 8GB NVIDIA RTX 4060, 16GB DDR4, 1TB SSD (Win11, Office21, Silver, 2.29kg), 144Hz, 9MS, IPS, 15.6-inch(39.6cm), FHD Gaming Laptop, Enhanced Cooling, fa1333TX","1,29,990",3.9 out of 5 stars,13
"Lenovo IdeaPad Slim 3 13th Gen Intel Core i7-13620H 15.6"" (39.62cm) FHDIPS300 Nits Thin&Light Laptop (16GB/512GB SSD/Intel UHDGraphics/Win11/Office Home 2024/1YrADP Free/ARCTIC-Grey/1.6Kg), 83EM00GTIN","99,990",4.0 out of 5 stars,810
"ASUS Vivobook Go 14, AMD Ryzen 3 7320U, 8GB RAM, 512GB SSD, FHD, 14""/35.56cm, Windows 11, Office 2021, Black, 1.38KG, E1404FA-NK325WS, 42WHr, Thin and Light Laptop","41,990",3.8 out of 5 stars,97
"Lenovo V15 G4 (2024), AMD Ryzen 3 7320U Quad Core - (8GB/512GB SSD/AMD Radeon Graphics/Windows 11 PRO) Thin and Light Business Laptop/15.6"" FHD Display/Arctic Grey/1.57 kg/MS Office 2021","54,990",3.4 out of 5 stars,22
"ASUS TUF Gaming A15, AMD Ryzen 7 7435Hs, NVIDIA Geforce RTX 3050, 16GB RAM, 512GB SSD, FHD 144Hz, 15.6"", Windows 11, Graphite Black, 2.3KG, FA506NCR-HN054W, 48WHR Gaming Laptop","21,980",3.9 out of 5 stars,454
"ASUS Vivobook 16, Snapdragon X Processor,(Qualcomm Adreno iGPU/16GB RAM/512GB SSD/Windows 11 Home/MS Office 365 Basic (1Year)*/16"" FHD+/AI PC/Cool Silver/1.88 kg), X1607QA-MB050WS","90,999",3.9 out of 5 stars,2
"Lenovo IdeaPad 3, Intel Core i3-1215U, 12th Gen, 8GB RAM, 512GB SSD, FHD, 14""/35.5cm, Windows 11, MSOffice 2021, Arctic Grey, 1.43Kg, 82RJ00FUIN, 1 Year Warranty, 3months Game Pass, Thin& Light Laptop","66,690",3.6 out of 5 stars,484
KisaanSay Idukki Cardamom 50 gm Bold Size (7 to 8 mm) | Bold Size | Pure Elaichi | Natural | Distinctive Flavour & Aroma | No Artificial Colors,"33,990",4.0 out of 5 stars,130
"Lenovo V15 12th Gen Intel Core i7-1255U 15.6"" FHD Thin and Light Laptop (16GB RAM/512GB SSD/Windows 11 Home/MS Office Home & Student 2021/Iron Grey/1.70 kg), 82TTA073IN","45,990",3.2 out of 5 stars,13
"Lenovo V15 Intel Core i7 12th Gen 15.6"" (39.62 cm) FHD (1920x1080) Antiglare 250 nits Thin and Light Laptop (16GB RAM/512GB SSD/Windows 11 Home/Iron Grey/1Y Onsite/1.7 kg), 82TTA08AIN","44,990",3.6 out of 5 stars,8
"Lenovo V14 G3 (2024), Intel Core i5 12th Gen 1235U - (16GB/512GB SSD/Intel UHD Graphics/DOS) Thin and Light Business Laptop/14.0"" FHD Display/Iron Grey/1.57 kg","41,990",3.2 out of 5 stars,15
"HP 15s,12th Gen Intel Core i3-1215U, 8GB DDR4, 256GB SSD, Anti-Glare, Micro-Edge, 15.6-inch(39.6cm) FHD Laptop, Intel UHD Graphics, Full-Size KB (Win 11, Office 21, Silver, 1.69kg) fy5010tu","31,990",4.0 out of 5 stars,115
"HP 255 G10 AMD Ryzen 3 Quad Core 7320U - (8 GB DDR4/512 GB SSD/AMD Radeon Graphics),15.6 inch, Silver","25,290",2.2 out of 5 stars,7
"HP 15s, 12th Gen Intel Core i3-1215U, 8GB DDR4, 512GB SSD, (Win 11, Office 21, Silver, 1.69kg) Anti-glare, Micro-edge, 15.6-inch(39.6cm) FHD laptop, Intel UHD Graphics, HD camera, Backlit KB, fq5327tu","35,499",4.0 out of 5 stars,"1,204"
"MSI CreatorPro M16, Intel 13th Gen. i7-13700H,41CM QHD+ 60Hz Creator Laptop (32GB/1TB NVMe SSD/Windows 11 Pro/RTX™ 2000 Ada, GDDR6 8GB/Core Black/2.29Kg), B13VJ-1272IN","2,65,990",3.9 out of 5 stars,106
"Lenovo V15 AMD Ryzen 3 7320U 15.6"" (39.62cm) FHD 250 Nits Antiglare Thin and Light Laptop (8GB/512GB SSD/Windows 11/Arctic Grey/1.65 Kg), 82YU00W7IN","26,090",3.5 out of 5 stars,4
"Microsoft New Surface Pro9 13"" Intel Evo 12 Gen I7 / 32Gb / 1Tb Platinum with Windows 11 Home, 365 Family 30-Day Trial,Xbox Game Pass Ultimate 30-Day Trial Bluetooth;Wi-Fi;NFC Platinum","2,61,990",2.0 out of 5 stars,1
"Apple 2025 MacBook Air 13″ Laptop with M4 chip: Built for Apple Intelligence, 34.46 cm (13.6″) Liquid Retina Display, 16GB Unified Memory, 256GB SSD Storage, 12MP Camera, Touch ID; Silver","99,900",4.5 out of 5 stars,29
"MSI Katana A17 AI, AMD 8th Gen. Ryzen 9 8945HS,Built-in AI, 44CM Laptop(16GB/1TB NVMe SSD/Windows 11 Home/Nvidia GeForce RTX4050, 6GB GDDR6/Black/2.6Kg), B8VE-884IN","1,14,990",3.9 out of 5 stars,3
"MSI Thin 15, Intel 13th Gen. Core i7-13620H, 40CM FHD 144Hz Gaming Laptop(16GB/512GB NVMe SSD/Windows 11 Home/NVIDIA GeForce RTX 2050,GDDR6 4GB /Cosmos Gray/1.86Kg), B13UCX-1806IN","69,990",4.1 out of 5 stars,42
"MSI Modern 14, Intel 12th Gen. i3 1215U,36CM Laptop(8GB/512GB NVMe SSD/Windows 11 Home/UHD Graphic/Classic Black/1.4Kg),C12MO-1205IN","30,490",2.5 out of 5 stars,4
"ASUS ROG Zephyrus G16, Gaming Laptop, Intel Core Ultra 9 185H, Built-in AI, NVIDIA GeForce RTX 4070,16"" 2.5K QHD+ (40.64cm) 240Hz (32GB/1TB SSD/Win 11/Office 2021/Grey/1.85 kg), GU605MI-QP253WS","2,09,990",3.2 out of 5 stars,13
"Lenovo V15 12th Gen Intel Core i7-1255U 15.6"" FHD Thin and Light Laptop (16GB RAM/512GB SSD/Windows 11 Home/MS Office Home & Student 2021/Iron Grey/1.70 kg), 82TTA073IN","45,990",3.7 out of 5 stars,4
"Lenovo Yoga 9 13th Gen Intel Evo i7 1360P 14""(35.56cm) 4K OLED 2-in-1 400Nits Laptop (16GB/1TB SSD/Win 11/Office 2021/Backlit KB/Pen 2.0/1Yr Warranty/Alexa/3 Month Game Pass/Oatmeal/1.4Kg) 83B1004XIN","1,58,300",4.0 out of 5 stars,899
"HP OMEN, 13th Gen Intel Core i7-13700HX, 6GB NVIDIA RTX 4050, 16GB DDR5, 512GB SSD, (Win11, Office21, Black, 2.1kg) 165Hz, 7MS, IPS, WUXGA, 16-inch (40.6cm), Gaming Laptop, RGB KB, u0022TX","1,50,990",4.0 out of 5 stars,35
"MSI Stealth 16 Studio, Intel 13th Gen. i7-13700H, 41CM QHD+ 240Hz Gaming Laptop (32GB/1TB NVMe SSD/Windows 11 Home/Nvidia GeForce RTX4060, 8GB GDDR6/Star Blue/1.99Kg), A13VF-023IN","2,79,990",3.5 out of 5 stars,"3,203"
"HP 15S AMD Ryzen 5000 (16GB Ram/512GB SSD/Fhd/Windows 11/Ms Office 21/Backlit Keyboard/ 15.6"" (39.6 Cm)/Silver/2.21 Kg) Eq2305Au/Eq2182Au Laptop","39,990",4.0 out of 5 stars,263
"Dell Inspiron 3530 Laptop, 13th Generation Intel Core i7-1355U Processor, 16GB, 512GB, 15.6"" (39.62cm) FHD 120Hz Display, Backlit KB, Windows 11 + MSO'21, 15 Month McAfee, Silver, Thin & Light-1.62kg","67,990",4.1 out of 5 stars,227
"Chuwi HeroBook Plus 15.6"" FHD Laptop, Intel Celeron N4020 Dual Core Processor Upto 2.80GHz, 8GB RAM, 256GB SSD, Intel UHD Graphics, Windows 11,WiFi 6,Webcam,BT 5.2,HDMI Port,38Wh, 1.74kg (Iron Gray)","18,990",4 Stars &amp; Up,Not Found
"Lenovo IdeaPad Slim 1 AMD Ryzen 5 5500U 15.6"" HD Thin and Light Laptop (16GB/512GB SSD/Integrated AMD Graphics/Windows 11 Home/MSO 21/1Yr ADP Free/Cloud Grey/1.61Kg), 82R400ERIN","36,990",Not Found,Not Found
"WOOKY MacBook Air M1 13 Shockproof 360 Degree PC + TPU Protection Plastic Hard Shell Flip Cover Case for MacBook Air, A1932, A2179, A2337 (Black, Clear)","1,999",Not Found,Not Found
"MSI Thin 15, Intel Core i5-13420H, 40CM FHD 144Hz Gaming Laptop(8GB/512GB NVMe SSD/Windows 11 Home/NVIDIA GeForce RTX 2050,GDDR6 4GB /Cosmos Gray/1.86Kg), B13UCX-1808IN","52,990",5 out of 5 stars.,5
"HP 15, 13th Gen Intel Core i7-1355U (16GB DDR4, 512GB SSD) Microsoft365* Office2024, Win11, 15.6inch(39.6cm) FHD Laptop, Intel Iris Xe, FHD Camera w/Privacy Shutter, Backlit, Silver, 1.59kg, fd0468tu","72,419",5 out of 5 stars.,4
"Acer Aspire Lite AMD Ryzen 5-5625U Premium Thin and Light Laptop (16 GB RAM/512 GB SSD/Win11 Home) AL15-41, 39.62 cm (15.6"") FHD Display, Metal Body, Multicolor Backlit Keyboard, Steel Gray, 1.59 KG","34,490",2.5 out of 5 stars,8
Microsoft Surface Laptop Studio - 14.4 Inches Touchscreen - Intel Core I5-16Gb Memory - 256Gb Ssd - Platinum Windows 11 (Thr-00022) - Wi-Fi,"53,550",3.8 out of 5 stars,26
"Samsung Galaxy Book4 (Gray, 16GB RAM, 512GB SSD) | 15.6"" Full HD Screen | Intel Core i5 1335U Processor | Windows 11 Home | MS Office 2021 | Fingerprint Reader | Intel Iris XE Graphics | RJ45 LAN Port","30,990",3.4 out of 5 stars,781
"Dell Inspiron 3530 13th Gen Laptop, Intel Core i3-1305U/8GB/512GB SSD/15.6"" (39.62cm) FHD WVA AG 120Hz 250 nits Narrow Border/Windows 11+MSO'21/McAfee 15 Month/Platinum Silver/1.62kg","31,990",3.9 out of 5 stars,115
"Lenovo IdeaPad 3, Intel Core i3-1215U, 12th Gen, 8GB RAM, 512GB SSD, FHD, 14""/35.5cm, Windows 11, MSOffice 2021, Arctic Grey, 1.43Kg, 82RJ00FUIN, 1 Year Warranty, 3months Game Pass, Thin& Light Laptop","33,989",4.0 out of 5 stars,484
Lenovo V15 Intel Celeron n4500 FHD 15.6 inch Laptop / 8GB DDR4 Ram and 256GB NVME SSD/Intel UHD Graphics/Windows 11 & MS-Office/Privacy Shutter/Black / 1.6kg / 1 Year Brand Warranty,,4.0 out of 5 stars,
"Samsung Galaxy Book3 Pro 360 Intel 13th Gen i7 EvoTM 40.62cm(16"") Touchscreen 2-in-1 3K Display, 120Hz, Thin & Light Laptop(16 GB/1 TB SSD/Windows 11/MS Office/S-Pen/Graphite/1.6Kg), NP960QFG-KA3IN","36,840",4.0 out of 5 stars,215
HP 14s Core i3 12th Gen (8GB RAM/512GB SSD/FHD/14 (35.6 cm)/ Windows 11/ MS Office 21/Backlit Keyboard/Silver/1.46kg) dq5138TU Laptop,"33,989",4.0 out of 5 stars,484
"MSI Modern 14, Intel 12th Gen. i3 1215U,36CM Laptop(8GB/512GB NVMe SSD/Windows 11 Home/UHD Graphic/Classic Black/1.4Kg),C12MO-1205IN","21,990",4.0 out of 5 stars,4
"CHUWI CoreBook X Laptop 12thGen i3-1220P Processor, 8GB DDR4 RAM and 512GB SSD, Intel® UHD Graphics,14.0"" FHD IPS Display, Backlit Keyboard, Windows 11 Home, WIFI6, BT5.2, 3.5MM Jack, Metal Body, Grey","1,49,999",4.0 out of 5 stars,21
HP Zbook Power G4-A 15.6(39.6 cm) FHD Display Creator Laptop/AMD Ryzen 5 6600H/16GB RAM/512GB SSD+ 1TB HDD/NVIDIA Quadro T600 (4 GB GDDR6 Dedicated)/Windows 11 Home/MSO 21/Backlit Keyboard,"37,932",4.4 out of 5 stars,"1,212"
"HP 15 AI Laptop, Intel Core Ultra 5 125H, 12 Tops, 16GB DDR5, 512GB SSD (Win11, Office 21, Silver, 1.65kg) IPS, 15.6-inch(39.6cm), 300 nits, FHD, Intel Arc Graphics, Backlit KB, FHD Camera, fd1099TU","30,490",4.0 out of 5 stars,42
"Acer Aspire 3D 15 SpatialLabs Edition Gaming Laptop Intel Core i7-13620H Processor (16GB/1TB/NVIDIA RTX4050/Win11Home) A3D15-71GM, 39.6 cm(15.6"") UHD 3840 x 2160 IPS Display, Obsidian Black, 2.32KG","22,990",4.1 out of 5 stars,215
"Thomson Intel Celeron Dual Core N4020 - (4 GB/128 GB SSD/Windows 11 Home) IN-N15V2C Thin and Light Laptop with Numeric Keyboard (15.6 inch, Silver, 1.56 kg)","1,17,516",4.1 out of 5 stars,13
"MSI Katana A17 AI, AMD Ryzen 9 8945HS,Built-in AI, 44CM FHD 144Hz Gaming Laptop(16GB/1TB NVMe SSD/Windows 11 Home/NVIDIA GeForce RTX 4070, GDDR6 8GB/Black/2.7Kg), B8VG-868IN","66,690",3.6 out of 5 stars,7
"Acer Aspire 3 Laptop Intel Core Celeron N4500 Processor Laptop (8 GB LPDDR4X SDRAM/256 GB SSD/Win11 Home/38 WHR/HD Webcam) A325-45 with 39.63 cm (15.6"") HD Display, Pure Silver, 1.5 KG","1,74,990",3.1 out of 5 stars,3
"ASUS Vivobook 15, Intel Core i3-1215U, 8GB RAM, 512GB SSD, FHD 16:9 60Hz 250nits, 15.6""/39.6cm, Windows 11 Home, Office 2021, Cool Silver, 1.7KG, X1504ZA-NJ320WS, Intel UHD Graphics, Backlit Laptop","16,990",2.9 out of 5 stars,261
"Dell [Smartchoice] Windows 11 Home 3520 Laptop, Intel Core i3-1215U, 12Th Gen (8GB RAM /512GB SSD /Window 11 /MS Office' 21 /15.6""(39.62 Cm) FHD Display /15 Month Mcafee /Black /1.69Kg Thin & Light","1,43,990",4.7 out of 5 stars,241
"Acer Aspire Lite 12th Gen Intel Core i3-1215U Thin and Light Metal Laptop (Windows 11 Home/8GB RAM/512GB SSD/Intel UHD Graphics/MSO) AL15-52, 39.62cm (15.6"") Full HD Display, Steel Gray(UN.AA3SI.03N)","21,990",3.4 out of 5 stars,912
"Dell [Smartchoice] Windows 11 Home 3520 Laptop, Intel Core i3-1215U, 12Th Gen (8GB RAM /512GB SSD /Window 11 /MS Office' 21 /15.6""(39.62 Cm) FHD Display /15 Month Mcafee /Black /1.69Kg Thin & Light","32,990",3.8 out of 5 stars,781
51 Trading Strategies - Optimise Your Trades with 51 Time-tested Strategies by Aseem Singhal | Zebralearn | 7 Categories of Trading Strategies | Technical Analysis | Zebra Learn,"34,990",3.7 out of 5 stars,912
"MSI Thin 15, Intel 13th Gen. Core i5-13420H, 40CM FHD 144Hz Gaming Laptop(16GB/512GB NVMe SSD/Windows 11 Home/NVIDIA GeForce RTX 3050,GDDR6 4GB/Cosmos Gray/1.86Kg), B13UC-1805IN","64,990",2.9 out of 5 stars.,31
"MSI Modern 14, Intel 12th Gen. i7 1255U,36CM Laptop(16GB/512GB NVMe SSD/Windows 11 Home/Iris Xe/Classic Black/1.4Kg), C12MO-1202IN","48,990",3.5 out of 5 stars.,14
"Lenovo IdeaPad Slim 3 Intel Core i3 12th Gen 15.6 inch (39.62cm) FHD Thin & Light Laptop (8GB/512GB SSD/Windows 11/Office 2021/3months Game Pass/Arctic Grey/1.63Kg), 82RK00VWIN","32,810",3.8 out of 5 stars.,"1,047"
"FOLINHAM 14.1 Inch Laptop PC, 8GB RAM 512GB SSD Windows 11 Pro Notebook Computer, FHD 1920x1080 Display, Celeron Processor Up to 2.8GHz, USB 3.0, Type-C, Mini-HDMI, 2.4/5G WiFi, BT4.2, 7.6V/5000mAh","19,549",4.0 out of 5 stars,10
"HP 247 G8 Laptop (AMD R3-5300U/ 14 Inches /8GB Ram DDR4 /512 GB SSD/Windows 11 Home) One Year Warranty, 600A9Pa","25,990",3.8 out of 5 stars,3
"HP 15s, 12th Gen Intel Core i5-1235U, 8GB DDR4, 512GB SSD, (Win 11, Office 21, Silver, 1.69kg), FY5008TU Anti-Glare, 15.6-inch(39.6cm), FHD Laptop, Intel UHD Graphics, Backlit KB, HD Camera, fq5329tu","45,022",4.1 out of 5 stars,231
"ASUS Vivobook Go 14, AMD Ryzen 3 7320U, Thin and Light Laptop, 14"" (35.56 cm) FHD, (8 GB RAM/512GB SSD/Windows 11/Office 2021/42WHr /Silver/1.38 kg), E1404FA-NK321WS","29,990",4.6 out of 5 stars,97
"Lenovo V15 G4 AMD Athlon Silver 7120U Laptop 8GB LPDDR5 Ram, 512 GB SSD PCIe, Windows 11 Lifetime Validity,15.6"" FHD Screen, AMD Radeon 610M, Silver, 1 Year Brand Warranty","24,990",4.0 out of 5 stars,128
DELL Latitude 3440 (2024) Intel Core i3 12th Gen 1215U - (8 GB/512 GB SSD/Intel UHD Graphics/Windows 11 Pro) Thin and Light Business Laptop/14 HD Display/Grey/1.5 kg/MS Office 2021,"30,000",4.1 out of 5 stars,7
"Lenovo IdeaPad Slim 1 Intel® Celeron® N4020 15.6 inch (39.6cm) Thin & Light Laptop (8GB RAM/512GB SSD/Windows 11 Home/Office Home & Student 2021/1Yr ADP Free/Grey/1.3Kg), 82V700KHIN","24,325",3.9 out of 5 stars,275
"HP 15s,12th Gen Intel Core i3-1215U, 8GB DDR4, 256GB SSD, Anti-Glare, Micro-Edge, 15.6-inch(39.6cm) FHD Laptop, Intel UHD Graphics, Full-Size KB (Win 11, Office 21, Silver, 1.69kg) fy5010tu","31,990",3.9 out of 5 stars,115
"Acer Aspire Lite 12th Gen Intel Core i7-1255U Premium Metal Laptop (Windows 11 Home/16 GB RAM/512 GB SSD) AL15-52, 39.62cm (15.6"") Full HD Display, Metal Body, Steel Gray, 1.59 Kg","49,990",2.9 out of 5 stars,44
"(Refurbished) Dell Latitude 3460 5th Gen Intel Core i3 Thin & Light HD Laptop (8 GB DDR3 RAM|500GB HDD GB HDD|15.5"" HD|Windows 10 Pro|Webcam|Intel HD Graphics)","14,499",3.7 out of 5 stars,246
"Lenovo IdeaPad Slim 3 12th Gen Intel® Core™ i5-12450H 15.6 inch (39.6cm) FHD Laptop (16GB/512GB SSD/Windows 11/Office 2024/Alexa Built-in/1Yr ADP Free/3 Month Game Pass/Arctic Grey/1.62Kg), 83ER00KPIN","49,600",4.0 out of 5 stars,15
"Samsung Galaxy Book3 Pro Intel 13th Gen i5 EvoTM 35.56cm(14"") Dynamic Amoled 2X, 3K Display, 120Hz, Ultra Thin & Light Laptop(16 GB/512 GB SSD/Windows 11/MS Office/Graphite/1.17Kg), NP940XFG-KC1IN","97,150",3.6 out of 5 stars,10
Dell Latitude 3440 Intel Core I3 12Th Gen 1215U - (8GB/512 GB SSD/Intel UHD Graphics) Thin and Light Business DOS Laptop/14 HD Display/Grey/1.5 Kg,"29,550",3.9 out of 5 stars,396
"HP 15s, 12th Gen Intel Core i5-1235U,16GB DDR4, 512GB SSD (Win11, Office21, Silver, 1.69kg) Anti-Glare,15.6-inch(39.6cm), FHD Laptop, Intel Iris Xe Graphics, Backlit KB, HD Camera, fq5330TU","48,500",3.7 out of 5 stars,4
"Samsung Galaxy Book4 (Silver, 16GB RAM, 512GB SSD) | 15.6"" Full HD Screen | Intel Core 5 120U Processor | Windows 11 Home | MS Office 2021 | Fingerprint Reader | Intel Iris XE Graphics | RJ45 LAN Port","55,790",2.3 out of 5 stars,73
"HP 15 AMD Ryzen 3 7320U (8GB Ram/512GB SSD/Fhd/15.6"" (39.6 Cm)/Backlit Keyboard/Windows 11/Ms Office 21/1.59Kg/Silver) Fc0026Au Laptop","31,430",3.8 out of 5 stars,241
"Lenovo V15 15.6'' FHD Laptop, 12th Gen Intel Core i5-1235U, 16GB RAM, 512GB SSD, Intel Iris Xe Graphics, Windows 11, MS Office, 1YR On-site Warranty + 1 Year Accidental Damage Protection, Iron Grey","41,990",3.9 out of 5 stars,482
"ASUS Vivobook 15, Intel Core i3-1215U, 8GB RAM, 512GB SSD, FHD 16:9 60Hz 250nits, 15.6""/39.6cm, Windows 11 Home, Office 2021, Cool Silver, 1.7KG, X1504ZA-NJ320WS, Intel UHD Graphics, Backlit Laptop","32,990",3.9 out of 5 stars,130
"Lenovo IdeaPad Slim 3, Intel Core i5-12450H, 12th Gen, 16GB RAM, 512GB SSD, FHD, 14""/35.5cm, Windows 11, MS Office Home 2024, Grey, 1.37Kg, 83EQ0072IN, Alexa Built-in, 3 mon. Game Pass Laptop","52,890",3.8 out of 5 stars,Not Found
KisaanSay Idukki Cardamom 50 gm Bold Size (7 to 8 mm) | Bold Size | Pure Elaichi | Natural | Distinctive Flavour & Aroma | No Artificial Colors,349,3.9 out of 5 stars,Not Found
"Lenovo LOQ 2024, Intel Core i7-13650HX, 13th Gen, NVIDIA RTX 4060-8GB, 24GB RAM, 512GB SSD, FHD 144Hz, 15.6""/39.6cm, Windows 11, MS Office 21, Grey, 2.4Kg, 83DV00LXIN, 1Yr ADP Free Gaming Laptop","94,990",3.6 out of 5 stars,38
"acer Aspire Lite, 12thGen, Intel Core i5-12450H, Intel UHD Graphics, 12GB RAM, 512GB SSD,15.6""/39.62cm IPS FHD, Windows11 Home, MSO, Pure Silver, 1.7KG, AL15-52H, Backlit KB, Thin&Light Metal Laptop","48,990",3.8 out of 5 stars,42
"HP 15, 12th Gen Intel Core i5-1235U, 16GB DDR4, 512GB SSD, (Win 11, Office 21, Silver, 1.69kg), Anti-Glare, 15.6-inch(39.6cm) FHD Laptop, Intel Iris Xe Graphics, HD Camera, Backlit Keyboard, fy5009tu","52,990",3.9 out of 5 stars,362
"ASUS Vivobook Go 14, 14"" FHD (1920 x 1080), AMD Ryzen 5 7520U Processor,(16GB RAM/512GB SSD/AMD Radeon iGPU/Windows 11/MS Office 365 Basic (1Year)*/Office Home 2024/Silver/1.38 kg),E1404FA-NK5541WS","41,990",4.0 out of 5 stars,695
"HP Pavilion 14, 12th Gen Intel Core i7-1255U, 16GB DDR4, 1TB SSD, (Win11, Office21, Silver,1.41 kg), IPS, Micro-edge, BrightView,14-inch (35.6cm) FHD Laptop, Intel Iris Xe graphics, HD camera,dv2015TU","74,990",3.8 out of 5 stars,15
"HP Victus, AMD Ryzen 5 5600H, AMD Radeon RX 6500 Graphics, 8GB DDR4, 512GB SSD, IPS, 15.6-inch(39.6cm) FHD Gaming Laptop, Enhanced Cooling (Win 11, Office 21, Blue, 2.37kg) fb0147AX/fb0184AX","49,074",5.0 out of 5 stars,1
"Lᥱnovo ThinkPad Touch Screen T490 Intᥱl Core i7 8th Gen 14-inch Full HD Thin and Light Laptop (512GB SSD/16GB RAM/Windows 10 Professional/Black/ 1.55 kg), (Rᥱfurbishᥱd)","22,990",3.8 out of 5 stars,9
"Apple 2023 MacBook Pro (16-inch, Apple M3 Max chip with 14‑core CPU and 30‑core GPU, 36GB Unified Memory, 1TB) - Space Black","3,17,990",3.5 out of 5 stars,5
"Lenovo Legion Pro 7 Intel Core i9-14900HX 16"" (40.6cm) WQXGA IPS 500Nits 240Hz Gaming Laptop (32GB/1TB SSD/Win 11/Office 21/NVIDIA RTX 4080 12GB/100% DCI-P3/3mon Xbox Game Pass/Black/2.6Kg),83DE001HIN","2,70,190",4.6 out of 5 stars,9
"Lenovo V15 G4, AMD Ryzen 5 7520U Quad Core - (8GB/512GB SSD/AMD Radeon Graphics/Windows 11 Home) Business Laptop/15.6"" FHD Display/Arctic Grey/1.57 kg","32,690",3.6 out of 5 stars,299
"Chuwi GemiBook Plus 15.6"" Laptop, 8GB RAM 256GB SSD, Windows 11, Intel N100 (Upto 3.4GHz), WIFI 6, USB-A 3.0, Webcam, Bluetooth 5.2, HDMI Port, 38Wh, 1.7kg (Iron Gray)","20,990",3.8 out of 5 stars,361
"Dell Vostro 15 3520 Laptop - 15.6 inch (39.62cm) FHD Display, Intel Core i3-1215U, 8 GB RAM, 512 GB SSD, Titan Grey, 1.69Kg, Ideal for Digital Nomads, Perfect for Productivity and Collaboration","36,490",4.8 out of 5 stars,5
"Lenovo Legion 5 Intel Core i7-14650HX 16"" (40.64cm) WQXGA IPS 350Nits 165Hz Gaming Laptop (16GB/1TB SSD/Win 11/Office 2021/NVIDIA RTX 4070 8GB/100%sRGB/Alexa/3 Month Game Pass/Grey/2.3Kg), 83DG009DIN","1,69,990",3.6 out of 5 stars,181
"ASUS Vivobook 16X, Intel Core i5-12500H, 2.5 GHz, RTX 2050, 16GB RAM, 512GB SSD, FHD+ 144Hz 300nits, 16"", Windows 11, Office Home, Cool Silver, 1.80KG, K3605ZF-RP258WS, 50WHr Battery Gaming Laptop","64,990",3.1 out of 5 stars,12
"HP OMEN Gaming Laptop, AMD Ryzen 9 7940HS AI-Powered, 8GB RTX 4070 GPU, 16.1-inch (40.9 cm), FHD, IPS, 165Hz, 300 nits, 16GB DDR5, 1TB SSD, RGB Backlit KB, B&O (Black, 2.38 kg), xf0100AX","1,39,990",4.0 out of 5 stars,133
"HP ZBook Studio 12th Gen Intel Core i9-12900H 16inch(40.6 cm) WQUXGA Display Creator Laptop /500 nits/32GB RAM/1TB SSD/NVIDIA GeForce RTX 3060 6GB Graphics/Win 11/MSO/B&O/FPR, G9 Workstation PC","2,97,473",4.1 out of 5 stars,"1,077"
"ASUS VivoBook 15 (2022), Intel Core i3-1215U, 12th Gen, 8GB RAM, 512GB SSD, FHD, 15.6""/39.62cm, Windows 11, MS Office 2021, Icelight Silver, 1.7KG, X1502ZA-EJ322WS, Backlit KB Laptop","32,790",2.6 out of 5 stars,2
"HP 15s, AMD Ryzen 5 5500U, 8GB DDR4, 512GB SSD, (Win 11, Office 21, Silver, 1.69kg), Anti-Glare, 15.6-inch(39.6cm), FHD Laptop, AMD Radeon Graphics, HD Camera, Dual Speakers, eq2144AU","37,650",3.6 out of 5 stars,181
"HP Pavilion Plus, 13th Gen Intel Core i7-1355U, 16GB DDR5, 1TB SSD, (Win 11, Office 21, Silver, 1.38kg), OLED, 500 nits, 14-inch(35.6cm), 2.8K Laptop, Intel Iris Xe Graphics, 5MP IR Camera, ew0153TU","1,04,999",3.8 out of 5 stars,177
"ASUS Vivobook 16X, Intel Core i5-13420H, RTX 3050, 16GB RAM, 512GB SSD, FHD+ 16"", Windows 11, MS Office 365 Basic(1Year)/Office Home 2024, Indie Black, 1.8KG, K3605VC-RP412WS Laptop","75,990",4.0 out of 5 stars,"1,204"
"Acer Aspire Lite 12th Gen Intel Core i5-1235U Thin and Light Laptop (Windows 11 Home/16GB RAM/512GB SSD/Intel Iris Xe Graphics) AL15-52, 39.62cm (15.6"") Full HD Display, Metal Body, Steel Gray, 1.6 KG","45,030",4.1 out of 5 stars,227
"HP 15s, 12th Gen Intel Core i3-1215U, 8GB DDR4, 512GB SSD, (Win 11, Office 21, Silver, 1.69kg) Anti-glare, Micro-edge, 15.6-inch(39.6cm) FHD laptop, Intel UHD Graphics, HD camera, Backlit KB, fq5327tu","35,499",4 Stars &amp; Up,Not Found
"WOOKY MacBook Air M1 13 Shockproof 360 Degree PC + TPU Protection Plastic Hard Shell Flip Cover Case for MacBook Air, A1932, A2179, A2337 (Black, Clear)","1,999",Not Found,Not Found
"Primebook S WiFi, 2024(New) Android Based MediaTek MT8183 - (PrimeOS) Thin and Light Laptop (11.6 Inch, 1.065 Kg, Type C) (4GB/128GB eMMC Storage)","13,990",5 out of 5 stars.,254
"Acer Aspire Lite 12th Gen Intel Core i5-1235U Premium Laptop (16GB RAM/512GB SSD/Win11 Home&Student/Intel Graphics/MSO) AL15-52, 39.62cm (15.6"") Full HD Display, Backlit Keyboard, Steel Gray, 1.59KG","48,990",5 out of 5 stars.,30
"Lenovo LOQ 2024 AMD Ryzen 7 7435HS 15.6"" (39.6cm) 144Hz 300Nits FHD IPS Gaming Laptop (24GB/512GB SSD/Win 11/NVIDIA RTX 4060 8GB Graphics/100% sRGB/Office 21/1Yr ADP Free/Grey/2.4Kg), 83JC0046IN","94,990",4.2 out of 5 stars,28
"ASUS Zenbook 14, Intel Core Ultra 5, 16GB RAM, 1TB SSD, 3K OLED 16:10 120Hz, 14"", Windows 11, MSO 2021, Ponder Blue, 1.28KG, UX3405MA-PZ552WS, Built-inAI, Backlit, Touchscreen, 75WHr AI Powered Laptop","24,190",4.1 out of 5 stars,12
"HP Laptop 255 G9 AMD Ryzen 3 3250U Dual Core - (8GB/512GB SSD/AMD Radeon Graphics) Thin and Light Business Laptop/15.6"" (39.62cm)/Black/1.47 kg","1,45,054",4.3 out of 5 stars,9
"Hp Envy X360,Enhanced By Ai,Intel Core Ultra 7 155U,14-"" (35.6 Cm),2.8K,32Gb Lpddr5,1Tb Ssd,Intel Graphics,5Mp Ir Camera,Copilot Key,Poly Studio (Win 11,Mso 2021,Blue,1.44 Kg),Fc0100Tu-Windows 11 Home","5,00,990",3.8 out of 5 stars,9
"MSI CreatorPro X17 HX, Intel 13th Gen. i9-13980HX,44CM UHD 144Hz Mini LED Creator Laptop (64GB/4TB NVMe SSD/Windows 11 Pro/NVIDIA RTX™ 3500 Ada, GDDR6 12GB/Core Black/3.3Kg), A13VKS-249IN",134,2.4 out of 5 stars,10
"Sounce Mouse Pad Speed Type Mouse Pad with Antifray Stitched Embroidery Edges, Non-Slip Rubber Base Mousepad for Laptop PC (260mm x 210mm x 2mm) (Black)","33,990",4.0 out of 5 stars,"1,916"
"Lenovo V14 G3 (2024), Intel Core i3 12th Gen 1215U - (16GB/512GB SSD/Intel UHD Graphics/Windows 11 Home) Thin and Light Business Laptop/14.0"" FHD Display/Iron Grey/1.57 kg/MS Office","49,990",3.4 out of 5 stars,11
"MSI Cyborg 15, Intel 12th Gen. i5-12450H, 40CM FHD 144Hz Gaming Laptop (16GB/512GB NVMe SSD/Windows 11 Home/Nvidia GeForce RTX4050, 6GB GDDR6/Translucent Black/1.98Kg), A12VE-071IN","53,990",4.2 out of 5 stars,71
"acer Aspire Lite, Intel Core i5-12450H, 12th Gen, 16GB RAM, 512GB SSD, IPS Full HD, 15.6""/39.62cm, Windows 11 Home, MS Office, Pure Silver, 1.7KG, AL15-52H, Backlit Keyboard, Thin and Light Laptop","89,190",3.9 out of 5 stars,223
"HP 15s, 12 Gen Intel Core i5-1235U, 8GB DDR4, 1TB SSD, (Win11, Office21, Silver, 1.69kg), 15.6-inch(39.6cm), Anti-Glare, Micro-Edge, FHD Laptop, Intel UHD Graphics, HD Camera, Backlit KB,fq5331TU","60,990",4.4 out of 5 stars,13
"Lenovo IdeaPad Slim 5 Intel Core Ultra 7 155H Built-in AI 16"" (40.64cm) WUXGA-IPS 300Nits Thin & Light Laptop (16GB/1TB SSD/Win 11/100% sRGB/MSO/1Yr ADP Free/3 Month Game Pass/Grey/1.8Kg), 83DC008VIN","27,990",3.9 out of 5 stars,2
"HP Victus, AMD Ryzen 5 5600H, NVIDIA RTX 3050, 16GB DDR4, 512GB SSD (Win11, Office21, Blue, 2.37kg) 144Hz, 9MS, IPS, 15.6-inch(39.6cm) Gaming Laptop, Backlit kb, Enhanced Cooling, fb0106AX/Fb0112AX","36,990",3.5 out of 5 stars,228
Lenovo V15 G3 IAP Laptop RYZEN 3-7320u / 8GB DDR4 / 512 GB SSD PCIe / 15.60 FHD TN Display/Windows 11/Ms-Office/Silver (Grey) / 1 Year Onsite Warranty,"29,315",4.5 out of 5 stars,3
"HP 15s, 12th Gen Intel Core i3-1215U, 8GB DDR4, 512GB SSD, (Win 11, Office 21, Silver, 1.69kg), Anti-Glare, 15.6-inch (39.6cm) FHD Laptop, Intel UHD Graphics, HD Camera, Dual Speakers, fy5011TU","33,990",4.1 out of 5 stars,92
"(Refurbished) Acer Aspire Lite AMD Ryzen 5-5625U Premium Thin and Light Laptop (16 GB RAM/512 GB SSD/Windows 11 Home) AL15-41, 39.62 cm (15.6"") Full HD Display, Metal Body, Steel Gray, 1.59 KG","41,990",3.7 out of 5 stars,2
"Acer Aspire 3 Intel Core i3-1215U Processor Laptop with 35.56 cm (14"") Full HD LED-Backlit IPS Display (16 GB RAM/512 GB SSD/WiFi 6/Intel Graphics/Win11 Home/65W) A324-51, Steel Gray, 1.45KG","2,08,215",3.8 out of 5 stars,19
"Lenovo V14 G3 (2024), Intel Core i5 12th Gen 1235U - (8GB/512GB SSD/Intel Integrated UHD Graphics/Windows 11 PRO) Thin and Light Business Laptop/14.0"" FHD Display/Iron Grey/1.57 kg/MS Office","46,490",1.0 out of 5 stars,16
"Dell XPS 13 9350 Laptop, AI Enabled Ultra7 258V Series 2 Processor, 32GB LPDDR5X 8533MT/s, 1TB SSD, Intel Arc graphics, 13.4"" (34.03cm) OLED 3K 60Hz Touch AR 400nit, Backlit KB + FPR, Platinum,1.18 kg","43,990",4.1 out of 5 stars,362
"HP 15s, 12th Gen Intel Core i5-1235U, 8GB DDR4, 512GB SSD, (Win 11, Office 21, Silver, 1.69kg), Anti-Glare, 15.6-inch(39.6cm) FHD Laptop, Intel UHD Graphics, HD Camera, Backlit Keyboard fy5008TU","1,490",3.3 out of 5 stars,470
"Acer Aspire Lite 12th Gen Intel Core i5-1235U Thin and Light Laptop (Windows 11 Home/8GB RAM/512GB SSD/Intel Iris Xe Graphics) AL15-52, 39.62cm (15.6"") Full HD Display, Metal Body1.6 KG(UN.431SI.332)",Not Found,3.9 out of 5 stars,256
51 Trading Strategies - Optimise Your Trades with 51 Time-tested Strategies by Aseem Singhal | Zebralearn | 7 Categories of Trading Strategies | Technical Analysis | Zebra Learn,Not Found,3.9 out of 5 stars,Not Found
"HP 15, 13th Gen Intel Core i5-1334U (16GB DDR4, 512GB SSD) Microsoft365* Office2024, Win11, 15.6inch(39.6cm) FHD Laptop, Intel Iris Xe, FHD Camera w/Privacy Shutter, Backlit, Silver, 1.59kg, fd0467tu","57,990",2.9 out of 5 stars.,119
"Lenovo ThinkPad E14 AMD Ryzen 5 7530U 14"" (35.56 cm) WUXGA IPS 300 Nits Thin and Light Laptop (8GB RAM/512GB SSD/Windows 11 Home/AMD Radeon Graphics/Backlit Keyboard/FPR/Black/1.41 kg), 21JRS00T00","47,990",3.5 out of 5 stars.,47
"Dell XPS 13 9350 Laptop, AI Enabled Ultra7 258V Series 2 Processor, 32GB LPDDR5X 8533MT/s, 1TB SSD, Intel Arc graphics, 13.4"" (34.03cm) OLED 3K 60Hz Touch AR 400nit, Backlit KB + FPR, Platinum,1.18 kg","2,08,215",3.8 out of 5 stars.,17
"HP 15, AMD Ryzen 5 7520U, 16GB DDR5, 512GB SSD, (Win 11, Office 21, Silver, 1.59kg), Anti-Glare, Micro-Edge, 15.6-inch(39.6cm), FHD Laptop, AMD Radeon Graphics, 1080p FHD Camera, Backlit KB, fc0156AU","43,499",3.8 out of 5 stars,3
"MSI Vector 17 HX, Intel 14th Gen. i9-14900HX, 43CM QHD+ 240Hz Gaming Laptop (32GB/2TB NVMe SSD/Windows 11 Home/NVIDIA GeForce RTX 4070, GDDR6 8GB/Cosmos Black/3Kg), A14VGG-239IN","2,19,990",4.3 out of 5 stars,183
"HP [Smart Choice Omen Gaming Laptop, AMD Ryzen 7 7840Hs, 8GB RTX 4060 GPU, 16.1""(40.9 Cm), FHD, IPS, 165 Hz, 300 Nits, 16GB DDR5, 1Tb SSD, RGB Kb, 7Ms Response Time (Win 11, Black, 2.32 Kg),Xd0020Ax","1,10,990",3.2 out of 5 stars,5
"Lenovo Legion Pro 5 Intel Core i9-14900HX 16"" (40.64cm) WQXGA IPS 500Nits 240Hz Gaming Laptop (32GB/1TB SSD/Win 11/Office 2021/NVIDIA RTX 4070 8GB/100% DCI-P3/3 Month Game Pass/Grey/2.5Kg), 83DF003PIN","1,99,690",5.0 out of 5 stars,484
"Lenovo IdeaPad Slim 3, Intel Core i3-1305U, 13th Gen, 8GB RAM, 512GB SSD, FHD, 15.6""/39.6cm, Windows 11, MS Office 2021, Arctic Grey, 1.62Kg, 82X700C8IN, Alexa Built-in, 3 Month Game Pass Laptop","36,400",3.8 out of 5 stars,2
"Apple 2024 MacBook Pro Laptop with M4 chip with 10‑core CPU and 10‑core GPU: Built for Apple Intelligence, 35.97 cm (14.2″) Liquid Retina XDR Display 16GB Unified Memory, 1TB SSD Storage; Space Black","1,82,990",4.0 out of 5 stars,67
"Acer Predator Helios Neo 16 Gaming Laptop 14th Gen Intel Core i9 Processor (Windows 11 Home/16 GB/1 TB SSD/NVIDIA GeForce RTX 4070) PHN16-72 with 40.64 cm (16"") WQXGA Display","1,74,990",4.0 out of 5 stars,"1,058"
"Dell G15-5530 Gaming Laptop, Intel Core i5-13450HX Processor, 16GB DDR5, 512GB,NVIDIA RTX 3050,6GB GDDR6, 15.6"" (39.62cm) FHD 120Hz 250 nits, Backlit KB Orange,Windows 11 + MSO'21,Dark Shadow, 2.65kg","75,990",5.0 out of 5 stars,11
"HP 15 Core i5 12th Gen (16GB RAM/512GB SSD/FHD/Windows 11/MS Office/Backlit Keyboard/15.6"" (39.6cm)/Silver/1.59 kg) fd0111TU Laptop","48,999",4.1 out of 5 stars,1
"(Refurbished) ASUS Vivobook 16 (2023), Intel Core i9-13900H 13th Gen, 16"" (40.64 cm) FHD+, Thin & Light Laptop (16GB/512GB SSD/Intel Iris Xe/Win 11/Office 2021/Backlit KB/Fingerprint/Black/1.88 kg) X1605VA-MB947WS","62,491",3.9 out of 5 stars,29
"HP Laptop 255 G9 (2024), AMD Athlon Silver 3050U - (8GB/256GB SSD/AMD Radeon Graphics/Windows 11) Thin and Light Business Laptop/15.6"" (39.62cm)/Black/1.47 kg/MS Office 2021","24,600",3.3 out of 5 stars,3
"Lenovo V15 G3 (2024), Intel Core i3 12th Gen 1215U - (16GB/512GB SSD/Intel UHD Graphics/Windows 11 Pro) Thin and Light Business Laptop/15.6"" FHD Display/Iron Grey/1.7 kg/MS Office 2021 Pro Plus","32,990",1.0 out of 5 stars,2
AIR EDU11ONE Notebook/Laptop Intel N4020 4 GB RAM 128 GB SSD with Windows 11 RED,"15,490",3.4 out of 5 stars,28
(Refurbished) Acer Travelmate Business Laptop Intel Celeron N4020 Dual-core Processor ( 4GB DDR4/ 128GB,"19,990",4.2 out of 5 stars,"1,501"
"Lenovo LOQ 2024, AMD Ryzen 7 7435HS, NVIDIA RTX 4060-8GB, 24GB RAM, 512GB SSD, 15.6""/39.6cm, Windows 11, MS Office Home 2024, Grey, 2.4Kg, 83JC00EHIN, 100% sRGB, 3 Mon. Game Pass Gaming Laptop","91,690",5.0 out of 5 stars,313
"HP Laptop 15s, AMD Ryzen 3 5300U, 15.6-inch (39.6 cm), FHD, 8GB DDR4, 512GB SSD, AMD Radeon Graphics, Thin & Light, Dual Speakers (Win 11, MSO 2019, Silver, 1.69 kg), eq2143AU/eq2212au","29,990",4.3 out of 5 stars,482
"Lenovo LOQ 2024 12th Gen Core i7-13650HX | NVIDIA RTX 3050 6GB (16GB RAM/512GB SSD/15.6"" (39.6cm)/Windows 11/Office Home 2024/100% sRGB/3 Mon. Game Pass/Grey/2.4Kg), 83DV00XEIN Gaming Laptop","91,190",4.0 out of 5 stars,227
"HP 14s, 12th Gen Intel Core i3-1215U, 8GB DDR4, 512GB SSD, (Win 11, Office 21, Silver, 1.41kg), Anti-Glare, Micro-Edge, 14-inch(35.6cm), FHD Laptop, Intel UHD Graphics, HD Camera, dy5008tu","37,490",3.9 out of 5 stars,Not Found
"Lenovo IdeaPad Slim 3, Intel Core i5-12450H 12th Gen, 16GB RAM, 512GB SSD, FHD 250Nits, 14""/35.5cm, Windows 11, MSOffice 21, Grey, 1.37Kg, 83EQ005VIN,1Yr Warranty,Alexa Built-in,3 mon. GamePass Laptop","52,390",3.9 out of 5 stars,Not Found
"WOOKY MacBook Air M1 13 Shockproof 360 Degree PC + TPU Protection Plastic Hard Shell Flip Cover Case for MacBook Air, A1932, A2179, A2337 (Black, Clear)","1,999",4.1 out of 5 stars,Not Found
"Dell 15 Thin & Light Laptop, Windows 11 Home, Intel Core i5-1235U Processor, 8GB RAM + 512GB SSD, 15.6"" FHD Window 11 + Mso '21, 15 Month Mcafee, Spill-Resistant Keyboard, Black, 1.66Kg","45,990",3.4 out of 5 stars,152
"Dell Vostro 15 3520 Laptop - 15.6 inch (39.62cm) FHD Display, Intel Core i5-1235U, 8 GB RAM, 512 GB SSD, Titan Grey, 1.69Kg, Ideal for Business Users, Perfect for Productivity and Collaboration","46,490",3.8 out of 5 stars,214
"ASUS VivoBook 15 (2022), Intel Core i3-1215U, 12th Gen, 8GB RAM, 512GB SSD, FHD, 15.6""/39.62cm, Windows 11, Office 2021, Cool Silver, 1.7KG, X1504ZA-NJ322WS, Backlit KB Laptop","32,990",4.4 out of 5 stars,73
"MSI Vector 17 HX, Intel 14th Gen. i9-14900HX, 43CM QHD+ 240Hz Gaming Laptop (32GB/2TB NVMe SSD/Windows 11 Home/NVIDIA GeForce RTX 4080, GDDR6 12GB/Cosmos Grey/3Kg), A14VHG-806IN","2,49,989",3.8 out of 5 stars,5
"HP 15, 13th Gen Intel Core i3-1315U, 8GB DDR4, 512GB SSD, (Win 11, Office 21, Silver, 1.59kg), Anti-Glare, Micro-Edge, 15.6-inch(39.6cm), FHD Laptop, Intel UHD Graphics, 1080p FHD Camera, fd0186TU","40,022",3.5 out of 5 stars,95
Microsoft New Surface Laptop (7th Edition) - Windows 11 Home Copilot + PC - 13.8” LCD PixelSense Touchscreen - Qualcomm Snapdragon X Elite (12 Core) - 16GB RAM - 1TB SSD - Graphite - ZXX-00059,"1,70,990",5.0 out of 5 stars,5
"Apple 2024 MacBook Pro Laptop with M4 Pro chip with 12‑core CPU and 16‑core GPU: Built for Apple Intelligence, (14.2″) Liquid Retina XDR Display, 24GB Unified Memory, 512GB SSD Storage; Space Black","1,91,990",2.5 out of 5 stars,8
"Dell Refurbished Latitude 7420 Laptop - 14"" FHD - 3.0 GHz Intel Core i7-1185G7 Quad-Core - 16GB of DDR4 RAM - 512GB SSD - Iris XE - Windows 11 pro","1,19,999",3.9 out of 5 stars,482
"Lenovo IdeaPad Slim 3, Intel Core i5-12450H, 12th Gen, 16GB RAM, 512GB SSD, FHD, 14""/35.5cm, Windows 11, MS Office Home 2024, Grey, 1.37Kg, 83EQ0072IN, Alexa Built-in, 3 mon. Game Pass Laptop","52,890",4.1 out of 5 stars,13
"Dell Latitude 5550 15 Business AI Laptop, 15.6"" FHD Computer, Intel Ultra 7 155U (Beat i7-1355U), 32GB DDR5 RAM, 1TB PCIe SSD, WiFi 6, Backlit Keyboard, Fingerprint Reader, Windows 11 Pro","1,82,999",4.0 out of 5 stars,23
"Lenovo ThinkBook 16 Intel 13th Gen Core i5 16"" (40.64cm) WUXGA IPS 300 Nits Antiglare Thin and Light Laptop (16GB/512GB SSD/Win 11 Home/Backlit Keyboard/Arctic Grey/1.7 Kg), 21KHA081IN","57,990",3.9 out of 5 stars,55
"Lenovo IdeaPad Slim 5 Intel Core Ultra 5 125H Built-in AI 14"" (35.5cm) WUXGA-OLED 400Nits Thin & Light Laptop (16GB/1TB SSD/Win 11/MSO 21/FHD+IR Cam/1Yr ADP Free/3Mon Game Pass/Grey/1.4Kg), 83DA0049IN","77,650",4.4 out of 5 stars,14
"HP Laptop 15s, 12th Gen Intel Core i3-1215U, 15.6-inch (39.6 cm), FHD, 16GB DDR4, 512GB SSD, Intel UHD Graphics, 720p HD Camera, Anti-Glare Screen, Thin & Light (Win 11, Silver, 1.69 kg), fy5004TU","36,500",3.2 out of 5 stars,5
"MSI Modern 14, Intel 12th Gen. i5-1235U, 35CM FHD 60Hz Laptop (8GB/512GB NVMe SSD/Windows 11 Home/Intel Iris Xe/Black/1.4Kg), C12M-220IN","41,771",4.3 out of 5 stars,28
"Dell Inspiron 3530 13th Gen Laptop, Intel Core i5-1335U/8GB/512GB SSD/15.6"" (39.62cms) 120Hz Refresh Rate on a FHD IPS Display with Dell Comfortview/Win 11+MSO'21+McAfee 15 Month/Carbon Black/1.62kg","49,990",4.1 out of 5 stars,14
"Lenovo LOQ 2024, AMD Ryzen 7 7435HS, NVIDIA RTX 4050-6GB, 24GB RAM, 512GB SSD, 15.6""/39.6cm, Windows 11, MS Office Home 2024, Grey, 2.4Kg, 83JC00EGIN, 100% sRGB, 3 Mon. Game Pass Gaming Laptop","82,690",4.0 out of 5 stars,454
"Apple 2024 MacBook Air 15″ Laptop with M3 chip: 38.91 cm (15.3″) Liquid Retina Display, 24GB Unified Memory, 512GB SSD Storage, Backlit Keyboard, 1080p FaceTime HD Camera, Touch ID- Midnight","1,67,990",3.9 out of 5 stars,106
"Lenovo V15 AMD Ryzen 5 5500U 15.6"" (39.62cm) FHD 250 nits Antiglare Thin and Light Laptop (8GB/512GB SSD/DOS/Iron Grey/1.7 Kg), 1Year 82KDA00YIH","37,981",3.9 out of 5 stars,89
"ASUS TUF Gaming A15, 15.6"" (39.62cm) FHD 16:9 144Hz, AMD Ryzen 7 7435HS, Gaming Laptop (16 DDR5/512GB SSD/NVIDIA GeForce RTX 2050/Windows 11 Home/Graphite Black/2.30 Kg), FA506NFR-HN045W","62,990",4.4 out of 5 stars,256
"Lenovo Legion Pro 5 AMD Ryzen 9 7945HX 16"" (40.64cm) WQXGA-IPS 240Hz 500Nits Gaming Laptop (32GB/1TB SSD/Win 11/Office 2021/NVIDIA RTX 4070 8GB/Alexa/3 Month Game Pass/Onyx Grey/2.5Kg), 82WM00FFIN","2,01,190",4 Stars &amp; Up,Not Found
"HP Pavilion, 12th Gen Intel Core i5-1235U, 8GB DDR4, 512GB SSD, Micro-Edge, BrightView, IPS, 14-inch(35.6cm) FHD Laptop, HD Camera, Backlit KB, B&O (Win 11, Office 21, Silver, 1.41kg) dv2053TU","57,990",Not Found,Not Found
"Dell Inspiron 3530 Thin & Light Laptop, 13th Gen Intel Core i3-1305U Processor, 8GB, 512GB SSD, 15.6"" (39.62cm) FHD 120Hz 250nits, Standard Keyboard, Windows 11+MSO'21 & 15 Month McAfee, Black, 1.62kg","37,490",Not Found,Not Found
51 Trading Strategies - Optimise Your Trades with 51 Time-tested Strategies by Aseem Singhal | Zebralearn | 7 Categories of Trading Strategies | Technical Analysis | Zebra Learn,"1,490",Not Found,Not Found
"Lenovo IdeaPad Slim 5 Intel Core Ultra 5 125H Built-in AI 16"" (40.64cm) WUXGA-IPS 300Nits Thin & Light Laptop (16GB/512GB SSD/Win 11/100%sRGB/MSO/1Yr ADP Free/3 month Game Pass/Grey/1.8Kg), 83DC007LIN","73,190",5 out of 5 stars.,12
"HP 15s, 12th Gen Intel Core i3-1215U, 8GB DDR4, 512GB SSD, (Win 11, Office 21, Silver, 1.69kg), Anti-Glare, 15.6-inch (39.6cm) FHD Laptop, Intel UHD Graphics, HD Camera, Dual Speakers, fy5011TU","36,990",5 out of 5 stars.,92
"Lenovo IdeaPad Slim 3, Intel Core i5-12450H, 12th Gen, 16GB RAM, 512GB SSD, FHD IPS, 14""/35.5cm, Windows 11, MS Office Home 2024, Grey, 1.37Kg, 83EQ0073IN, 1Yr ADP Free, Thin & Light Laptop","53,590",2.9 out of 5 stars,482
"Apple 2024 MacBook Pro Laptop with M4 Pro chip with 14‑core CPU and 20‑core GPU: Built for Apple Intelligence, (14.2″) Liquid Retina XDR Display, 24GB Unified Memory, 1TB SSD Storage; Silver","2,29,990",3.8 out of 5 stars,2
"Dell Alienware M16 R2 Windows 11 Home Gaming Laptop,Intel Core Ultra 7 155H,16Gb,1Tb Ssd,Nvidia RTX 4050,6 Gb Gddr6,16 (40.6Cm) Qhd+ 240Hz,Nvidia G-Sync +,Alienfx RGB Backlit Kb,Dark Metallic,2.61Kg","1,54,190",3.9 out of 5 stars,4
"Lenovo IdeaPad Slim 3 12th Gen Intel Core i3-1215U 15.6"" (39.62cm) FHD Thin & Light Laptop (8GB/512GB SSD/Intel UHD Graphics/Windows 11/Office Home 2024/1Yr ADP Free/Arctic Grey/1.63Kg), 82RK01ABIN","33,990",4.0 out of 5 stars,484
"(Refurbished) MSI Katana GF66 12UCOK 15.6"" FHD (1920 * 1080) Gaming Laptop - Alder Lake Intel Core i7-12650H DDR5 8GB*2 (4800MHz) RAM 512GB NVMe PCIe SSD Gen4x4 RTX3050 GDDR6 4GB Win 11 Home - 9S7-158424-800","76,914",3.0 out of 5 stars,47
"Lenovo ThinkPad E14 AMD Ryzen 5 7530U 14"" (35.56 cm) WUXGA IPS 300 Nits Thin and Light Laptop (8GB RAM/512GB SSD/Windows 11 Home/AMD Radeon Graphics/Backlit Keyboard/FPR/Black/1.41 kg), 21JRS00T00","47,990",4.0 out of 5 stars,44
"Acer Aspire Lite 12th Gen Intel Core i7-1255U Premium Metal Laptop (Windows 11 Home/16 GB RAM/512 GB SSD) AL15-52, 39.62cm (15.6"") Full HD Display, Metal Body, Steel Gray, 1.59 Kg","49,990",4.3 out of 5 stars,133
"ASUS Vivobook 15, Intel Core i3-1215U, 16GB RAM, 512GB SSD, FHD 1920x1080, 1.2 GHz, 15.6"", Windows 11, MS Office Home, Cool Silver, 1.7KG, X1504ZA-NJ342WS, Integrated Graphics, Thin & Light Laptop","37,950",3.6 out of 5 stars,12
"Lenovo ThinkPad E14 Intel Core i5 13th Gen 14"" WUXGA IPS 300 Nits Thin and Light Laptop (16GB RAM/512GB SSD/Windows 11 Home/Office 2021/Backlit Keyboard/FPR/Black/1.41 kg), 21JKS0UA00","70,990",4.0 out of 5 stars,3
"Dell Inspiron 3530 Thin & Light Laptop, 13th Gen Intel Core i5-1334U Processor, 16GB, 1TB SSD, 15.6"" (39.62cm) FHD Display, Backlit Keyboard, Windows 11 + MSO'24 & 15 Month McAfee, Silver, 1.62kg","57,350",4.0 out of 5 stars,82
"Lenovo IdeaPad Slim 5 Ryzen 7 7735HS (16GB RAM/512GB SSD/Integrated AMD Radeon 680M Graphics/WUXGA IPS Display/13.3"" (33.7cm)/Windows 11/Office Home 2024/Backlit KB/Grey/1.15Kg), 83J2000HIN Laptop","64,190",2.7 out of 5 stars,8
"HP Spectre x360 AI Laptop, Intel Ultra 7 155H, 12 TOPS, 32GB DDR5, 2TB SSD, (Win 11, Office 21, Black, 2kg), Touchscreen, 2.8K, OLED, 16-inch(40.6cm), Intel Arc graphics, 9MP camera, Backlit, aa0665TU","1,87,990",3.9 out of 5 stars,18
"HP Victus, 13th Gen Intel Core i7-13620H, 6GB NVIDIA RTX 4050, 16GB DDR6, 1TB SSD (Win11, Office21, Silver, 2.3kg) 144Hz, IPS, 15.6-inch(39.6cm) Flicker-Free Gaming Laptop, Enhanced Cooling, fa1332TX","91,999",4.0 out of 5 stars,99
"Lenovo IdeaPad Pro 5, Intel Core Ultra 9 185H, 32GB RAM, 1TB SSD, 2.8K-OLED 400Nits 120Hz, 14""/35.5cm, Windows 11, MS Office 21, Grey, 1.4Kg, 83D2001GIN,IntelArc GPU, FHD+IRCam, AI Powered Laptop","1,07,990",3.9 out of 5 stars,82
"ASUS Vivobook 15, Intel Core i3-1315U, 13th Gen, 8GB RAM, 512GB SSD, FHD, 15.6""/39.62cm, Windows 11, MS Office, Silver, 1.7KG, X1504VA-NJ320WS, Backlit Keyboard, Thin and Light Laptop","36,799",4.3 out of 5 stars,274
"HP 15 Pavilion AMD Ryzen 5 7530U, 15.6-inch FHD, 8GB DDR4, 512GB SSD, AMD Radeon Graphics, 720p HD Camera, Backlit KB, Audio by B&O (Win 11 Home, MSO 2021, Silver, 1.75 kg), eh3036AU / EH2050AU","44,999",4.2 out of 5 stars,14
"Lenovo V15 G4 2024 Smart Laptop, AMD Ryzen 5 7520U 15.6 inch FHD Display, AMD Graphics, 8 GB DDR5 5500Mhz Ram, 512GB SSD NVMe, Windows 11, MS-Office, Dolby Audio, Arctic Grey, 1 Year Warranty","31,990",4.2 out of 5 stars,15
"Lenovo V14 Intel Core i5 12th Gen 14""(35.56cm) FHD (1920x1080) Antiglare 250 Nits Thin and Light Laptop (8GB RAM/512GB SSD/Windows 11 Home/Iron Grey/1.43 kg),","41,990",3.8 out of 5 stars,209
"Dell Vostro 15 3530 Laptop – 15.6 inch FHD (35.56cm) Display, 13th Gen Intel Core i5-1334U Processor, 8 GB RAM, 512 GB SSD, Intel UHD Graphics, Carbon Black, 1.66Kg, Ideal for Tech Ninjas","50,590",3.7 out of 5 stars,362
"HP 15, 12th Gen Intel Core i5-1235U, 16GB DDR4, 512GB SSD, (Win 11, Office 21, Silver, 1.69kg), Anti-Glare, 15.6-inch(39.6cm) FHD Laptop, Intel Iris Xe Graphics, HD Camera, Backlit Keyboard, fy5009tu","52,990",3.8 out of 5 stars,"16,431"
"McAfee Antivirus 2025 | 1 Device, 3 Year | Antivirus Internet Security Software | Email Delivery",675,3.9 out of 5 stars,Not Found
"Lenovo Yoga Slim 7 Aura Edition, Intel Core Ultra 7 258V, 32GB RAM, 1TB SSD, 15""/38.86cm, Windows 11, MS Office Home 2024, Grey, 1.53Kg, 83HM004NIN, Copilot+ PC AI Powered Laptop","1,47,990",2.9 out of 5 stars.,5
"Lenovo V15 12th Gen Intel Core i7-1255U 15.6"" FHD Thin and Light Laptop (16GB RAM/512GB SSD/Windows 11 Home/MS Office Home & Student 2021/Iron Grey/1.70 kg), 82TTA073IN","45,990",3.5 out of 5 stars.,13
"MSI Modern 14, Intel 12th Gen. i7 1255U,36CM Laptop(16GB/512GB NVMe SSD/Windows 11 Home/Iris Xe/Classic Black/1.4Kg), C12MO-1202IN","48,990",3.8 out of 5 stars.,14
"Lenovo IdeaPad Gaming 3 AMD Ryzen 7 5800H 15.6"" (39.62cm) FHD IPS Gaming Laptop (16GB/512GB SSD/6GB NVIDIA RTX 3060/165Hz/Win 11/Office 2021/Backlit/3months Game Pass/Shadow Black/2.25Kg), 82K201UNIN","89,999",5.0 out of 5 stars,186
"HP Victus Windows 11 Home Gaming Laptop,AMD Ryzen 7 7840Hs Ai Powered,6Gb RTX 3050 Gpu,16.1-Inch (40.9 Cm),95W Tgp,Fhd,IPS,144Hz,16Gb Ddr5,1Tb Ssd,RGB Backlit Kb,B&O (Mso,Blue,2.29 Kg),S0089Ax","78,490",3.2 out of 5 stars,108
"HP Laptop 245 G9 (2024), AMD Ryzen 3 3250U Dual Core - (16GB/512GB SSD/AMD Radeon Graphics/Windows 11 Pro) Thin and Light Business Laptop/14 (35.56cm)/Silver/1.47 kg/MS Office 2021","27,550",3.8 out of 5 stars,4
"Lenovo V14 G3 (2024), Intel Core i3 12th Gen 1215U - (16GB/512GB SSD/Intel UHD Graphics/Windows 11) Thin and Light Business Laptop/14.0"" FHD Display/Iron Grey/1.57 kg/MS Office 2021","41,990",4.0 out of 5 stars,4
"AVITA Laptop PURA S101 14"" INCH CELERON 8GB RAM, 256GB SSD","1,99,000",3.8 out of 5 stars,8
"Lenovo V15 Thin & Light Laptop, 15.6"" FHD Display, Intel Core i5 12th Gen (1235U), 16GB DDR4 RAM, 512GB SSD, Webcam, HDMI, Wi-Fi-6, Windows 11, Intel Iris Xe Graphics, Black,1 Year Brand Warranty","44,990",2.5 out of 5 stars,10
"ASUS ROG Strix G16 (2024), 16 ""(40.64cm) QHD+ 240Hz, Intel Core i9 14900HX, Gaming Laptop (16GB DDR5/1TB SSD/NVIDIA GeForce RTX 4070 /Windows 11/Office 2021/Eclipse Gray/2.50 Kg), G614JIR-N4062WS","18,990",4.7 out of 5 stars,8
"Lenovo V15 Intel Core i7 12th Gen 15.6"" (39.62 cm) FHD (1920x1080) Antiglare 250 nits Thin and Light Laptop (16GB RAM/512GB SSD/Windows 11 Home/Iron Grey/1Y Onsite/1.7 kg), 82TTA08AIN","51,990",3.8 out of 5 stars,"3,203"
"Chuwi HeroBook Plus 15.6"" FHD Laptop, Intel Celeron N4020 Dual Core Processor Upto 2.80GHz, 8GB RAM, 256GB SSD, Intel UHD Graphics, Windows 11,WiFi 6,Webcam,BT 5.2,HDMI Port,38Wh, 1.74kg (Iron Gray)","94,990",3.7 out of 5 stars,695
"HP Pavilion, 12th Gen Intel Core i5-1235U, 16GB DDR4, 512GB SSD, (Win 11, Office 21, Silver, 1.41kg) IPS, BrightView, 14-inch(35.6cm) FHD Laptop, Intel Iris Xe Graphics, HD camera, Backlit KB,dv2014TU","70,990",3.6 out of 5 stars,236
"Lenovo ThinkPad E14 AMD Ryzen 5 7530U 14"" (35.56 cm) WUXGA IPS 300 Nits Thin and Light Laptop (16GB RAM/512GB SSD/Win 11/Office 2021/AMD Radeon Graphics/Backlit Keyboard/FPR/Black/1.41 kg), 21JRS00U00","34,500",3.5 out of 5 stars,67
"ASUS Vivobook 16 (2023), Intel Core i9-13900H, 13th Gen, 16GB RAM, 512GB SSD, FHD+, 16""/40.64cm, Windows 11, MS Office 2021, Black, 1.88KG, X1605VA-MB947WS,Intel IrisXe,Backlit KB, Fingerprint Laptop","27,990",4.0 out of 5 stars,"1,047"
"Acer Nitro V Gaming Laptop AMD Ryzen 7-7735HS with RTX 3050 6 GB Graphics (16 GB DDR5/512GB SSD/Windows 11 Home/Wi-Fi 6/144Hz) ANV15-41, 15.6"" FHD Display, 2.1 KG","70,490",4.1 out of 5 stars,140
"Lenovo IdeaPad 3 11th Gen Intel Core i3 15.6"" FHD Thin & Light Laptop(8GB/512GB SSD/Windows 11/Office 2021/2Yr Warranty/3months Xbox Game Pass/Platinum Grey/1.7Kg), 81X800N2IN","29,740",4.2 out of 5 stars,6
Lenovo V15 G3 IAP Laptop RYZEN 3-7320u / 8GB DDR4 / 512 GB SSD PCIe / 15.60 FHD TN Display/Windows 11 / Silver (Grey) / 1 Year Onsite Warranty,"1,384",4.1 out of 5 stars,"2,432"
"Lenovo LOQ 2024 12th Gen Core i5-12450HX | NVIDIA RTX 3050 6GB (16GB RAM/512GB SSD/15.6"" (39.6cm)/Windows 11/Office Home 2024/100% sRGB/3 Mon. Game Pass/Grey/2.4Kg), 83GS00LNIN Gaming Laptop",Not Found,3.9 out of 5 stars,Not Found
"(Refurbished) Dell Vostro 3420 Laptop,12th Gen Intel Core i3-1215U, 8GB & 512GB SSD, 14.0"" (35.56Cms) FHD WVA AG 250 nits, Windows 11 + MSO'21, Carbon Black (D552325WIN9BE, 1.48 KGs)",Not Found,3.1 out of 5 stars,Not Found
Verilux® USB C Hub 6 in 1 with 87W Power Delivery & USB C Data Transfer Multiport Adapter with 4K@30Hz HDMI SD/TF Card Reader 3.0 USB Hub Type C Hub for MacBook iPhone with Storage Bag 24CM Long Cable,Not Found,4.0 out of 5 stars,Not Found
"Lenovo Yoga Slim 7 Aura Edition, Intel Core Ultra 7 258V, 32GB RAM, 1TB SSD, 15""/38.86cm, Windows 11, MS Office Home 2024, Grey, 1.53Kg, 83HM004NIN, Copilot+ PC AI Powered Laptop","1,47,990",5.0 out of 5 stars,5
"Lenovo V15 12th Gen Intel Core i7-1255U 15.6"" FHD Thin and Light Laptop (16GB RAM/512GB SSD/Windows 11 Home/MS Office Home & Student 2021/Iron Grey/1.70 kg), 82TTA073IN","45,990",3.2 out of 5 stars,13
"ASUS Vivobook 16X, 16"" FHD+,44Hz 300nits, Intel Core i5-12500H Processor,(16GB RAM/512GB SSD/GeForce RTX 2050/Windows 11/MS Office 365 Basic(1Year)*/50WHr Battery/Cool Silver/1.8 Kg), K3605ZF-RP458WS","59,990",4.0 out of 5 stars,253
"Lenovo LOQ 2024 12th Gen Intel Core i5-12450HX 15.6"" (39.6cm) 144Hz 300Nits FHD IPS Gaming Laptop (1","72,589",4.1 out of 5 stars,94
"Lenovo LOQ, Intel Core i5-13450HX, 13th Gen, NVIDIA RTX 3050-6GB, 16GB RAM, 512GB SSD, FHD 144Hz 300Nits, 15.6""/39.6cm, Windows 11, MS Office 21, Grey, 2.4Kg, 83DV00BHIN, 100% sRGB Gaming Laptop","78,190",4.0 out of 5 stars,56
"Dell Inspiron 5430 Laptop, Intel Core i5-1335U Processor/ 8GB/ 512GB SSD/ 14.0"" (35.56cm) FHD+ Comfort View/Backlit KB/Windows 11+MSO'21/15 Month McAfee/Platinum Silver, Thunderbolt 4.0 Port,1.59kg","60,990",3.7 out of 5 stars,15
"ASUS Vivobook Go 14 (2023), AMD Ryzen 5 7520U, 8GB RAM, 512GB SSD, FHD, 14""/35.56cm, Windows 11, MS Office 2021, Silver, 1.38KG, E1404FA-NK521WS, Alexa Built-in, Thin & Light Laptop","37,990",3.6 out of 5 stars,4
"Samsung Galaxy Book3 Pro Intel 13th Gen i7 EvoTM 40.62cm(16"") Dynamic Amoled 2X, 3K Display, 120Hz, Ultra Thin & Light Laptop(16 GB/1 TB SSD/Windows 11/MS Office/Graphite/1.56Kg), NP960XFG-KC2IN","1,31,999",3.7 out of 5 stars,276
"ASUS Vivobook 15 (2024) Intel Core i3 12th Gen 1215U - (8 GB/SSD/512 GB SSD/Windows 11 Home) X1502ZA-EJ953WS Thin and Light Laptop (15.6 Inch, Icelight Silver, 1.70 kg, with MS Office)","33,490",3.6 out of 5 stars,8
"Acer One 14 Business Laptop AMD Ryzen 3 3250U Processor (8GB RAM/256GB SSD/AMD Radeon Graphics/Windows 11 Home) Z2-493 with 35.56 cm (14.0"") HD Display","24,021",4.0 out of 5 stars,5
"Lenovo V15 Intel Core i7 12th Gen 15.6"" (39.62 cm) FHD (1920x1080) Antiglare 250 nits Thin and Light Laptop (16GB RAM/512GB SSD/Windows 11 Home/Iron Grey/1Y Onsite/1.7 kg), 82TTA08AIN","44,990",3.0 out of 5 stars,1
"ASUS Zenbook A14, Snapdragon X Elite Processor,(Qualcomm Adreno iGPU/16GB RAM/512GB SSD/Windows 11 Home/MS Office 365 Basic (1Year)*/14"" FHD+ OLED/AI PC/Zabriskie Beige/0.98 kg), UX3407RA-QD054WS","1,29,990",3.8 out of 5 stars,39
Lenovo V14 i5 8th Gen/4GB/256GB/DOS,"41,990",3.1 out of 5 stars,8
"Dell All-in-One PC Inspiron 5410, Intel Core i5-1235U Processor/ 8GB/ 512GB/ 23.8"" (60.45cm) FHD/Windows 11 + MSO'21/ Pro Wireless Keyboard + Mouse/ 3 Years Onsite Hardware Service/White/ 5.39kg","77,499",3.8 out of 5 stars,144
"(Refurbished) HP Omen Gaming Laptop,AMD Ryzen 7 7840Hs Ai Powered,Windows 11 Home 6Gb RTX 4050 Gpu,16.1-Inch(40.9 Cm),Fhd,IPS,165Hz,16Gb Ddr5,1Tb Ssd,300 Nits,4-Zone RGB Backlit Kb,B&O(Mso,Black,2.37 Kg),Xd0015Ax","84,245",3.9 out of 5 stars,408
"HP Pavilion 14, 11th Gen Intel Core i7-1195G7, 14-inch (35.6 cm), FHD, 16GB DDR4, 1TB SSD, Intel Iris Xe Graphics, FPR, Backlit KB, Audio by B&O (Win 11, MSO 2019, Silver, 1.41 kg), dv1029TU","78,900",4.5 out of 5 stars,11
HP Laptop 240R G9 Intel Core I3 13Th Gen 1315U - (8 GB/512GB SSD/Intel UHD Graphics) Thin and Light Business Windows 11 Pro Laptop/14 (35.56Cm)/Ash Grey/1.47 Kg,"32,630",4.2 out of 5 stars,"16,431"
"HP 15, 13th Gen Intel Core i5-1334U, 16GB DDR4, 512GB SSD (Win 11, Office 21, Silver, 1.59kg), Anti-Glare, 15.6-inch(39.6cm) FHD Laptop, Intel Iris Xe Graphics, Backlit KB, 1080p FHD Camera, fd0221TU","56,500",4 Stars &amp; Up,Not Found
"Acer Aspire Lite 12th Gen Intel Core i3-1215U Premium Metal Laptop (Windows 11 Home/16 GB RAM/512GB SSD) AL15-52, 39.62cm (15.6"") Full HD Display, Metal Body, Steel Gray, 1.59 Kg","33,990",Not Found,Not Found
"MSI Thin 15, Intel Core i7-12650H, 40CM FHD 144Hz Gaming Laptop(16GB/1TB NVMe SSD/Windows 11 Home/NVIDIA GeForce RTX 3050,GDDR6 4GB/Cosmos Gray/1.86Kg), B12UC-1690IN","74,899",Not Found,Not Found
"McAfee Antivirus 2025 | 1 Device, 3 Year | Antivirus Internet Security Software | Email Delivery",675,Not Found,Not Found
"Lenovo LOQ 2024, AMD Ryzen 5 7235HS, NVIDIA RTX 3050-6GB, 12GB RAM, 512GB SSD, FHD IPS 144Hz 300Nits, 15.6""/39.6cm, Windows 11, MS Office 21, Grey, 2.4Kg, 83JC0031IN, 3 Mon. Game Pass Gaming Laptop","63,690",5 out of 5 stars.,21
"Lenovo Yoga Slim 7 Aura Edition, Intel Core Ultra 7 258V, 32GB RAM, 1TB SSD, 15""/38.86cm, Windows 11, MS Office Home 2024, Grey, 1.53Kg, 83HM004NIN, Copilot+ PC AI Powered Laptop","1,47,990",5 out of 5 stars.,5
Microsoft New Surface Laptop (7th Edition) - Windows 11 Home Copilot + PC - 13.8” LCD PixelSense Touchscreen - Qualcomm Snapdragon X Plus (10 Core) - 16GB RAM - 256GB SSD - Platinum - ZGJ-00023,"1,13,019",3.4 out of 5 stars,3
"ASUS Vivobook Go 15 (OLED) 2023, AMD Ryzen 3 7320U, 15.6"" (39.62 cm) FHD OLED, Thin & Light Laptop (8GB/512GB SSD/Windows 11/Office 2021/Alexa Built-in/Backlit KB/Mixed Black/1.63 kg), E1504FA-LK322WS","36,950",5.0 out of 5 stars,76
"HP 15s, 12th Gen Intel Core i5-1235U, 8GB DDR4, 512GB SSD, (Win 11, Office 21, Silver, 1.69kg), Anti-Glare, 15.6-inch(39.6cm) FHD Laptop, Intel UHD Graphics, HD Camera, Backlit Keyboard fy5008TU","46,490",3.9 out of 5 stars,362
"Lenovo LOQ 2024, Intel Core i7-13650HX, 13th Gen, NVIDIA RTX 4060-8GB, 24GB RAM, 512GB SSD, FHD 144Hz, 15.6""/39.6cm, Windows 11, MS Office 21, Grey, 2.4Kg, 83DV00LXIN, 1Yr ADP Free Gaming Laptop","94,990",4.2 out of 5 stars,38
"Dell Inspiron 5440 Laptop, i5-1334U Processor, 16GB DDR5 + 1TB SSD, 14"" FHD+AG NonTouch 250nits WVA Display w/Comfortview Support, Backlit KB + FPR, Win11 + MSO'21 + 15 Month McAfee, Ice Blue, 1.54kg","65,290",3.9 out of 5 stars,16
"ASUS Vivobook 15, Intel Core i5-1235U, 12th Gen, 8GB RAM, 512GB SSD, FHD, 15.6""/39.62cm, Windows 11 Home, MS Office 2021, Quiet Blue, 1.7KG, X1504ZA-NJ521WS, Backlit Keyboard, Thin and Light Laptop","42,990",3.6 out of 5 stars,95
"Dell {Smartchoice} G15-5530 Core i5-13450HX| NVIDIA RTX 3050, 6GB (16GB RAM|1TB SSD, FHD|Window 11|MS Office' 21|15.6"" (39.62cm)|Dark Shadow Grey|2.65Kg|Gaming Laptop","77,990",3.5 out of 5 stars,"1,058"
"MSI Modern 14, Intel 12th Gen. i5 1235U,36CM Laptop(16GB/512GB NVMe SSD/Windows 11 Home/Iris Xe/Classic Black/1.4Kg),C12MO-1203IN","43,000",4.0 out of 5 stars,7
"Lenovo V15 Intel Core i7 12th Gen 15.6"" (39.62 cm) FHD (1920x1080) Antiglare 250 nits Thin and Light Laptop (16GB RAM/512GB SSD/Windows 11 Home/Iron Grey/1Y Onsite/1.7 kg), 82TTA08AIN","44,990",3.9 out of 5 stars,8
"ASUS Zenbook A14, Snapdragon X Elite Processor,(Qualcomm Adreno iGPU/16GB RAM/512GB SSD/Windows 11 Home/MS Office 365 Basic (1Year)*/14"" FHD+ OLED/AI PC/Zabriskie Beige/0.98 kg), UX3407RA-QD054WS","1,29,990",4.1 out of 5 stars,22
"ASUS TUF Gaming F15, Intel Core i7-12700H, 12th Gen, RTX 3050-4GB, 16GB RAM, 1TB SSD, FHD 144Hz, 15.6""/39.62cm, Windows 11, MS Office, Gray, 2.20KG, FX577ZC-HN192WS, 90WHrs Battery Gaming Laptop","82,990",3.6 out of 5 stars,454
"ASUS TUF Gaming A15, AMD Ryzen 7 7435HS, 15.6-inch FHD 144Hz, Gaming Laptop (16GB/512GB SSD/NVIDIA GeForce RTX 4050/Windows 11/90WHr/Mecha Gray/2.2 Kg), FA507NUR-LP082W","87,990",4.0 out of 5 stars,22
"HP 15 AI Laptop, Intel Core Ultra 5 125H,12 Tops, 16GB DDR5, 1TB SSD,(Win 11, Silver, 1.65 kg),Anti-Glare, 15.6-inch (39.6 cm), FHD, Intel Arc Graphics, FHD Camera, Backlit KB, fd1197TU","72,990",4.0 out of 5 stars,2
"Lenovo IdeaPad Slim 3 Core i5 13420H (16GB RAM/512GB SSD/15.6"" (39.6cm)/Integrated Intel UHD Graphics/Windows 11/Office Home 2024/1 Year ADP Free/Grey/1.6Kg), 83EM00H0IN Laptop","57,390",2.9 out of 5 stars,186
"Lenovo LOQ 2024, Intel Core i5-13450HX, 13th Gen, NVIDIA RTX 4050-6GB, 16GB RAM, 512GB SSD, FHD 144Hz, 15.6""/39.6cm, Windows 11, MS Office 21, Grey, 2.4Kg, 83DV007GIN, 1Yr ADP Free Gaming Laptop","87,190",4.2 out of 5 stars,4
"MSI Modern 14, Intel 12Th Gen. I5 1235U,36Cm Laptop(8GB/512GB NVME SSD/Windows 11 Home/Iris Xe/Classic Black/1.4Kg),C12MO-1204IN","37,990",4.0 out of 5 stars,261
"Acer Aspire 3 Laptop Intel Core Celeron N4500 Processor Laptop (8 GB LPDDR4X SDRAM/256 GB SSD/Win11 Home/38 WHR/HD Webcam) A324-45 with 35.56 cm (14"") HD Display, Pure Silver, 1.3 KG","14,000",3.2 out of 5 stars,600
"MagicRaven Portable Monitor, 15.6"" 1920 * 1080P IPS Laptop Screen, 60Hz Lightweight and Slim Travel Monitor with Full-Featured USB C HDMI Port, Gaming Display for PC Switch Xbox PS3/4/5","1,384",3.4 out of 5 stars,"2,432"
Verilux® USB C Hub 6 in 1 with 87W Power Delivery & USB C Data Transfer Multiport Adapter with 4K@30Hz HDMI SD/TF Card Reader 3.0 USB Hub Type C Hub for MacBook iPhone with Storage Bag 24CM Long Cable,Not Found,4.4 out of 5 stars,Not Found
"Lenovo Yoga Slim 7 Aura Edition, Intel Core Ultra 7 258V, 32GB RAM, 1TB SSD, 15""/38.86cm, Windows 11, MS Office Home 2024, Grey, 1.53Kg, 83HM004NIN, Copilot+ PC AI Powered Laptop","1,47,990",2.9 out of 5 stars.,5
"Chuwi HeroBook Plus 15.6"" FHD Laptop, Intel Celeron N4020 Dual Core Processor Upto 2.80GHz, 8GB RAM, 256GB SSD, Intel UHD Graphics, Windows 11,WiFi 6,Webcam,BT 5.2,HDMI Port,38Wh, 1.74kg (Iron Gray)","18,990",3.5 out of 5 stars.,"3,203"
"Lenovo V15 Intel i3-1115G4 3.0Ghz 15.6"" (39.62cm) FHD 250 nits Antiglare Thin and Light Laptop,1YR ADP (4GB/256GB SSD/DOS/Iron Grey/1.7 Kg), 82KBA002IH","31,990",3.8 out of 5 stars.,20
"Apple 2024 MacBook Pro Laptop with M4 Pro chip with 14‑core CPU and 20‑core GPU: Built for Apple Intelligence, (16.2″) Liquid Retina XDR Display, 24GB Unified Memory, 512GB SSD Storage; Space Black","2,39,990",5.0 out of 5 stars,3
"HP Victus, AMD Ryzen 5 5600H, NVIDIA RTX 3050, 8GB DDR4, 512GB SSD, 144Hz, 9MS, IPS, 15.6-inch(39.6cm) FHD Gaming Laptop, Enhanced Cooling (Win 11, Office 21, Silver, 2.37kg) fb0082AX","55,490",3.5 out of 5 stars,5
"HP Pavilion Touchscreen 12th Gen Intel Core i5-1235U, 16GB DDR4, 512GB SSD, (Win11,Office21,Silver,1.41 kg), IPS,14-inch (35.6cm) FHD Laptop, Intel Iris Xe Graphics, HD Camera,Backlit KB,B&O,dv2041TU","61,990",2.6 out of 5 stars,82
"ASUS TUF Gaming F17 (2022) Windows, Intel Core i5-12500H Gaming Laptop,17.3""(43.94 Cms) FHD 144Hz,4GB RAM, RTX 3050 4","70,588",4.5 out of 5 stars,"12,209"
"Portronics Toad 23 Wireless Optical Mouse with 2.4GHz, USB Nano Dongle, Optical Orientation, Click Wheel, Adjustable DPI(Black)",269,3.2 out of 5 stars,4
"HP Laptop 240 G9 (2024), Intel Core i7 12th Gen 1255U - (16GB/512GB SSD/Intel Iris Xe Graphics/Windows 11) Thin and Light Business Laptop/14 (35.56cm) FHD/Silver/1.47 kg/MS Office 2021","59,690",3.9 out of 5 stars,4
"ASUS Zenbook S 14, Intel Core Ultra 7 (Series 2), 32GB RAM, 1TB SSD, 3K OLED Touch 120Hz 500nits, 14"", Windows 11, MS Office Home,Scandinavian White, 1.2KG,UX5406SA-PZ358WS, AI Powered Laptop","1,49,990",4.0 out of 5 stars,8
"Lenovo V15 Intel Core i7 12th Gen 15.6"" (39.62 cm) FHD (1920x1080) Antiglare 250 nits Thin and Light Laptop (16GB RAM/512GB SSD/Windows 11 Home/Iron Grey/1Y Onsite/1.7 kg), 82TTA08AIN","44,990",3.6 out of 5 stars,215
"CHUWI CoreBook X Laptop 12thGen i3-1220P Processor, 8GB DDR4 RAM and 512GB SSD, Intel® UHD Graphics,14.0"" FHD IPS Display, Backlit Keyboard, Windows 11 Home, WIFI6, BT5.2, 3.5MM Jack, Metal Body, Grey","22,990",5.0 out of 5 stars,76
"ASUS Vivobook Go 15 (OLED) 2023, AMD Ryzen 5 7520U, 16GB RAM, 512GB SSD, FHD OLED 15.6""/39.62cm, Windows 11, MS Office 2021, Green Grey, 1.63KG, E1504FA-LK543WS, Alexa Built-in, Backlit KB Laptop","52,990",3.6 out of 5 stars,15
"MSI Thin A15, Ryzen 5 7535HS, 40CM FHD 144Hz Gaming Laptop(16GB/512 GB NVMe SSD/Windows 11 Home/NVIDIA GeForce RTX 3050, GDDR6 4GB /Cosmos Gray/1.86Kg), B7UC-067IN","58,711",3.6 out of 5 stars,147
"Dell Inspiron 3520 Thin & Light Laptop, Intel Core i5-1235U Processor, 8GB, 512GB SSD, 15.6"" (39.62cm) FHD 120Hz 250 nits Display, Windows 11 + MSO'21, Backlit KB, 15 Months McAfee, Silver, 1.65kg","46,490",4.2 out of 5 stars,135
"Lenovo IdeaPad Flex 5 12th Gen Intel Core i5-1235U 14""(35.56cm) WUXGA IPS 2-in-1 Laptop (16GB/512GB SSD/Win 11/Office 21/Backlit KB/Fingerprint/FHD Camera/Alexa/3 mon Game Pass/Grey/1.5Kg), 82R700JJIN","63,990",4.1 out of 5 stars,3
"ASUS Vivobook S 15 OLED, 2.8K (2880 x 1620) 16:9,Core i9-13900H Processor 2.6 GHz,Light Laptop (16GB RAM/512GB SSD/Windows 11/Office Home/Fingerprint/75WHr Battery/Cool Silver/1.60 kg),S5504VA-MA943WS","91,990",3.8 out of 5 stars,216
Lenovo 82C7A006IH AG V15 ADA AMD Athlon Silver 3050U 15.6 inches(39.6cm) HD Laptop (4GB RAM/1TB HDD/Windows-10/Integrated Radeon Graphics/Iron Grey/1.85kg),"32,999",3.9 out of 5 stars,23
"Acer Aspire 3 Intel Core i5-1235U Processor Laptop with 35.56 cm (14"") FHD LED-Backlit IPS Display (16GB RAM/512GB SSD/WiFi 6/Intel Graphics/Win11Home) A324-51, Backlit Keyboard, Steel Gray, 1.45KG","41,990",5.0 out of 5 stars,1
"MSI Thin 15, Intel 13th Gen. Core i7 13620H, 40CM Gaming Laptop(16GB/512GB NVMe SSD/Windows 11 Home/Nvidia GeForce RTX 4050, 6GB GDDR6/Cosmos Gray/1.86Kg), B13VE-2089IN","88,990",3.3 out of 5 stars,"16,431"
"McAfee Antivirus 2025 | 1 Device, 3 Year | Antivirus Internet Security Software | Email Delivery",675,4.1 out of 5 stars,Not Found
"Lenovo IdeaPad Slim 3 Core i5 13420H (16GB RAM/512GB SSD/15.6"" (39.6cm)/Integrated Intel UHD Graphics/Windows 11/Office Home 2024/1 Year ADP Free/Grey/1.6Kg), 83EM00H0IN Laptop","57,390",4.2 out of 5 stars,2
"Lenovo LOQ, Intel Core i5-13450HX, 13th Gen, NVIDIA RTX 3050-6GB, 16GB RAM, 512GB SSD, FHD 144Hz 300Nits, 15.6""/39.6cm, Windows 11, MS Office 21, Grey, 2.4Kg, 83DV00BHIN, 100% sRGB Gaming Laptop","78,190",4.0 out of 5 stars,253
"Lenovo Yoga Slim 7 Aura Edition, Intel Core Ultra 7 258V, 32GB RAM, 1TB SSD, 15""/38.86cm, Windows 11, MS Office Home 2024, Grey, 1.53Kg, 83HM004NIN, Copilot+ PC AI Powered Laptop","1,47,990",5.0 out of 5 stars,5
"Acer Aspire Lite 11th Gen Intel Core i3 Premium Metal Laptop (8GB RAM/512GB SSD/Windows 11 Home) AL15-51, 39.62cm (15.6"") Full HD Display, Metal Body, Steel Gray, 1.59 Kg","30,390",4.0 out of 5 stars,781
"Acer Nitro V 15, AMD Ryzen 7-7735HS Octa-core,NVIDIA GeForce RTX 4050-6 GB GDDR6, 16GB DDR5, 512GB SSD,15.6""/39.6cm IPS FHD, 144Hz, Windows 11 Home, Obsidian Black, 2.1KG, ANV15-41 Gaming Laptop","77,990",4.2 out of 5 stars,67
"MSI Titan 18 HX, Intel 14th Gen. i9-14900HX, 45.72CM UHD+ MiniLED 120Hz Gaming Laptop(64GB/2TB NVMe SSD/Windows 11 Home/NVIDIA GeForce RTX 4080, /Core Black/3.6Kg), A14VHG-207IN","4,29,990",3.5 out of 5 stars,7
"HP Victus, 13th Gen Intel Core i5-13420H, NVIDIA RTX 2050, 16GB DDR4, 1TB SSD (Win11, Office21, Silver, 2.3kg) 144Hz, 9MS, IPS, 15.6-inch(39.6cm) Flicker-free Gaming Laptop, Enhanced Cooling, fa1307tx","69,990",3.9 out of 5 stars,95
"Lenovo ThinkBook 16 Intel 13th Gen Core i5 16"" (40.64cm) WUXGA IPS 300 Nits Antiglare Thin and Light Laptop (16GB/512GB SSD/Win 11 Home/Backlit Keyboard/Arctic Grey/1.7 Kg), 21KHA081IN","57,990",4.0 out of 5 stars,23
"ASUS TUF Gaming A15 (2024), AMD Ryzen 9 8945H, NVIDIA GeForce RTX 4070, 16GB DDR5, 1TB SSD, FHD 144Hz, 15.6""/39.62cm, Windows 11, MS Office 2021, Mecha Gray, 2.20KG, FA507UI-LP066WS Gaming Laptop","1,42,990",3.7 out of 5 stars,13
"HP Pavilion Plus, 13th Gen Intel Core i5-1335U, 16GB DDR5, 512GB SSD, (Win11, Office21, Silver, 1.44 kg),IPS, Anti-glare, 14-inch (35.6cm) WUXGA Laptop, Intel Iris Xe graphics, 5MP IR camera, ew0116TU","72,990",3.9 out of 5 stars,31
"Lenovo Yoga Slim 7 Aura Edition, Intel Core Ultra 7 258V, 32GB RAM, 1TB SSD, 15""/38.86cm, Windows 11, MS Office Home 2024, Grey, 1.53Kg, 83HM004NIN, Copilot+ PC AI Powered Laptop","1,47,990",5.0 out of 5 stars,5
"Lenovo V15 Intel Core i7 12th Gen 15.6"" (39.62 cm) FHD (1920x1080) Antiglare 250 nits Thin and Light Laptop (16GB RAM/512GB SSD/Windows 11 Home/Iron Grey/1Y Onsite/1.7 kg), 82TTA08AIN","44,990",3.6 out of 5 stars,8
"ASUS Zenbook Duo OLED (2024), 14"" (35.56cm) FHD OLED Touch Display, Intel Core Ultra 9 185H, Built-in AI, Dual Screen Laptop (32GB/1TB SSD/Intel Arc Graphics/Win11/Gray/1.65 Kg), UX8406MA-QL961WS","2,24,990",5.0 out of 5 stars,7
"ASUS Vivobook 16 (2023), Intel Core i9-13900H, 13th Gen, 16GB RAM, 512GB SSD, FHD+, 16""/40.64cm, Windows 11, MSOffice 2021, Silver, 1.88KG, X1605VA-MB946WS, Intel IrisXe, BacklitKB Fingerprint Laptop","94,990",4.1 out of 5 stars,236
"HP Pavilion x360 2-in-1 Laptop Intel® Core i7-1355U / 35.6 cm (14 inch) FHD,multitouch-Enabled, IPS,5 MP Camera,(16GB /512 GB/Intel® Iris® Xᵉ Graphics/Win 11/B&O/Backlit Keyboard/MSO),14-ek1021TU","92,490",4.2 out of 5 stars,51
"Lenovo IdeaPad Slim 3, Intel Core i5-13420H, 13th Gen, 16GB RAM, 512GB SSD, FHD IPS, 14""/35.56cm, Windows 11, MS Office 21, Grey, 1.3Kg, 83EL003PIN, Alexa Built-in Laptop","59,290",4.8 out of 5 stars,6
"Microsoft New Surface Pro (11Th Edition) - Windows 11 Home Copilot + Pc - 13"" LCD Pixelsense Touchscreen - Qualcomm Snapdragon X Plus (10 Core,Wi-Fi) - 16Gb Ram - 256Gb Ssd - Platinum - Zhx-00014","1,13,990",4.0 out of 5 stars,11
"HP Victus, 12th Gen Intel Core i5-12450H, NVIDIA RTX 2050, 8GB DDR4, 512GB SSD (Win11, Office21, Blue, 2.3kg) 144Hz, 9MS, IPS, 15.6-inch(39.6cm) Flicker-Free Gaming Laptop, Enhanced Cooling, fa1310TX","57,990",3.9 out of 5 stars,95
"ASUS ROG Strix G16, Gaming Laptop, 16 ""(40.64cm) FHD+ 165Hz, 13th Gen Intel Core i7-13650HX (16GB DDR5/1TB SSD/NVIDIA GeForce RTX 4070 /Windows 11/Office 2021/Eclipse Gray/2.50 Kg), G614JI-BG711WS","1,49,990",3.9 out of 5 stars,30
"ASUS TUF Gaming, AMD Ryzen AI 9 HX 370, 2.0GHz, NVIDIA GeForce RTX 4060, 32GB RAM, 2TB SSD, FHD 165Hz 400nits, 14"", Windows 11, MS Office 2021, Jaeger Gray, 1.46KG, FA401WV-RG037WS Gaming Laptop","1,64,990",4.3 out of 5 stars,5
51 Trading Strategies - Optimise Your Trades with 51 Time-tested Strategies by Aseem Singhal | Zebralearn | 7 Categories of Trading Strategies | Technical Analysis | Zebra Learn,"1,490",4.4 out of 5 stars,256
"Lenovo V15 12th Gen Intel Core i7-1255U 15.6"" FHD Thin and Light Laptop (16GB RAM/512GB SSD/Windows 11 Home/MS Office Home & Student 2021/Iron Grey/1.70 kg), 82TTA073IN","45,990",5 out of 5 stars.,13
"Lenovo V15 Intel Core i7 12th Gen 15.6"" (39.62 cm) FHD (1920x1080) Antiglare 250 nits Thin and Light Laptop (16GB RAM/512GB SSD/Windows 11 Home/Iron Grey/1Y Onsite/1.7 kg), 82TTA08AIN","44,990",5 out of 5 stars.,8
"Lenovo Yoga Slim 7 Intel Core Ultra 7 155H Built-in AI 14""(35.5cm) WUXGA-OLED 400Nits Laptop (32GB/1TB SSD/100% DCI-P3/FHD+IR Camera/Win11/MSO 21/1Yr ADP Free/3Mon. Game Pass/Grey/1.39Kg), 83CV002DIN","1,07,190",3.2 out of 5 stars,28
"HONOR Pad 9 with Free Bluetooth Keyboard, 12.1-Inch 2.5K Display, 8GB, 256GB Storage, Snapdragon 6 Gen 1 (4nm), 8 Speakers, Up-to 17 Hours, Android 13, WiFi Tablet, Metal Body, Gray","23,350",3.6 out of 5 stars,632
"MSI Katana A17 AI, AMD 8th Gen. Ryzen 9 8945HS,Built-in AI, 44CM Laptop(16GB/1TB NVMe SSD/Windows 11 Home/Nvidia GeForce RTX4050, 6GB GDDR6/Black/2.6Kg), B8VE-884IN","1,14,990",4.2 out of 5 stars,29
"HP Victus, 12th Gen Intel Core i7-12650H, NVIDIA RTX 3050, 16GB DDR4, 1TB SSD (Win11, Office21, Blue, 2.3kg), 144Hz, 9MS, IPS, 15.6-inch(39.6cm), Flicker-Free Gaming Laptop, Enhanced Cooling,fa1389TX","74,990",4.2 out of 5 stars,18
"ASUS TUF Gaming A15, 15.6"" FHD 16:9, 144Hz 250nits, AMD Ryzen 7 7435HS Processor, Gaming Laptop (16GB RAM/512GB SSD/RTX 4060/Win 11/Office Home/90WHr Battery/Mecha Gray/2.2 Kg),FA507NVR-LP104WS","99,990",4.5 out of 5 stars,25
"Apple 2024 MacBook Air 15″ Laptop with M3 chip: 38.91 cm (15.3″) Liquid Retina Display, 16GB Unified Memory, 256GB SSD Storage, Backlit Keyboard, 1080p FaceTime HD Camera, Touch ID- Space Grey","1,18,990",3.6 out of 5 stars,3
"HP Pavilion AI Laptop, Intel Core Ultra 7 155U, 10-12 TOPS, 16GB LPDDR5x, 512GB SSD, IPS, Anti-glare, WUXGA, 16-inch(40.6cm) Intel Graphics, 1080p FHD camera (Win11, Office21, Silver, 1.77kg) af0028TU","84,490",4.2 out of 5 stars,62
"ASUS ROG Strix G16 (2023) Gaming Laptop, 90WHr Battery, Intel Core i9-13980HX 13th Gen, 16"" QHD+ 240Hz, 8GB RTX 4060 (16GB/1TB SSD/Windows 11/Office 2021/4-Zone RGB/Grey/2.50 kg), G614JV-N414 (14 kg),","1,59,990",5.0 out of 5 stars,24
"CHUWI CoreBook X Laptop 12thGen i3-1220P Processor, 8GB DDR4 RAM and 512GB SSD, Intel® UHD Graphics,14.0"" FHD IPS Display, Backlit Keyboard, Windows 11 Home, WIFI6, BT5.2, 3.5MM Jack, Metal Body, Grey","22,990",3.4 out of 5 stars,215
"HP 15s, 12th Gen Intel Core i5-1235U, 8GB DDR4, 512GB SSD, (Win 11, Office 21, Silver, 1.69kg), FY5008TU Anti-Glare, 15.6-inch(39.6cm), FHD Laptop, Intel UHD Graphics, Backlit KB, HD Camera, fq5329tu","45,022",3.9 out of 5 stars,231
"Lenovo Ideapad 5, Intel Core i7-13620H, 13th Gen, 16GB RAM, 512GB SSD, WUXGA OLED 400Nits, 14""/35.5cm, Windows 11, MSO, Grey, 1.5kg, 83KX0019IN, FPR, FHD Camera, 1Yr ADP Free,2-in-1 Convertible Laptop","84,690",3.6 out of 5 stars,5
"Lenovo IdeaPad Flex Intel Core i3-1215U 14""(35.5cm) WUXGA+ IPS 2-in-1 Laptop (8GB/512GB SSD/Windows 11/MS Office 2021/FHD Camera Digital Pen/Alexa/3 Month Game Pass/Grey/1.5Kg), 82R700KHIN","51,290",4.1 out of 5 stars,49
"HP Pavilion x360, 13th Gen Intel Core i5-1335U, 16GB DDR4, 1TB SSD, (Win11, Office21, Rose Gold,1.41kg), Touchscreen, IPS, 14inch(35.6cm) FHD Laptop, Intel Iris Xe Graphics, 5MP Camera, Pen, ek1009TU","79,490",4.6 out of 5 stars,43
"Zebronics Zeb-Crystal Clear Web Camera with 3P Lens,Built-in Microphone,Auto White Balance,Night Vision and Manual Switch for LED (Black)",699,4.1 out of 5 stars,"10,383"
"Acer Aspire 3 Laptop Intel Core Celeron N4500 Processor Laptop (8 GB LPDDR4X SDRAM/512 GB SSD/Win11 Home/38 WHR/HD Webcam) A324-45 with 35.56 cm (14"") HD Display, Pure Silver, 1.3 KG","23,990",3.8 out of 5 stars,261
"2022 Apple MacBook Air Laptop with M2 chip: 13.6-inch Liquid Retina Display, 16GB RAM, 256GB SSD Storage, Backlit Keyboard, 1080p FaceTime HD Camera. Works with iPhone and iPad; Silver","65,990",3.3 out of 5 stars,3
"ASUS Vivobook 16, Snapdragon X Processor,(Qualcomm Adreno iGPU/16GB RAM/512GB SSD/Windows 11 Home/MS Office 365 Basic (1Year)*/16"" FHD+/AI PC/Quiet Blue/1.88 kg), X1607QA-MB049WS","1,26,890",3.4 out of 5 stars,2
"HP OMEN Gaming AI Laptop, Intel Core Ultra 7 155H, 8GB NVIDIA RTX 4060,16GB LPDDR5x, 1TB SSD (Win 11,Office 21, Black,1.63kg) 120Hz, 0.2MS, 3K, OLED, 14-inch(35.6cm), Tempest Cooling, RGB KB, fb0007TX",349,5.0 out of 5 stars,6
KisaanSay Idukki Cardamom 50 gm Bold Size (7 to 8 mm) | Bold Size | Pure Elaichi | Natural | Distinctive Flavour & Aroma | No Artificial Colors,Not Found,5.0 out of 5 stars,130
"MSI Modern 15 H AI, Intel 1st Gen. Ultra 5 125H,Built-in AI, 40CM Laptop(16GB/512GB NVMe SSD/Windows 11 Home/MSO 2021/Intel Arc/Classic Black/1.9Kg), C1MG-049IN","53,499",2.9 out of 5 stars.,4
"Lenovo Yoga Slim 7 Aura Edition, Intel Core Ultra 7 258V, 32GB RAM, 1TB SSD, 15""/38.86cm, Windows 11, MS Office Home 2024, Grey, 1.53Kg, 83HM004NIN, Copilot+ PC AI Powered Laptop","1,47,990",3.5 out of 5 stars.,5
"Dᥱll 5400 Touchscreen Intᥱl i7-8650U, 8GB DDR4 RAM, 256GB SSD, (Win 10, MS Office, Black, 1.48kg) 14"" (35.6cm) FHD, Intᥱl UHD Graphics, HD Camera, Thin & Light Laptop (Rᥱfurbished)","22,995",3.8 out of 5 stars.,"1,047"
"ASUS Vivobook Go 14, 14"" FHD (1920 x 1080), AMD Ryzen 5 7520U Processor,(16GB RAM/512GB SSD/AMD Radeon iGPU/Windows 11/MS Office 365 Basic (1Year)*/Office Home 2024/Black/1.38 kg),E1404FA-NK5542WS","41,990",3.5 out of 5 stars,278
"Lenovo IdeaPad 3 12th Gen Intel Core i3-1215U 15 Inch (39.65cm) FHD Thin & Light Laptop (16GB/512GB SSD/Windows 11/Office 2021/1Yr ADP Free/3months Game Pass/Arctic Grey/1.63Kg), 82RK017RIN","34,750",5.0 out of 5 stars,14
"HP Laptop 15s, 11th Gen Intel Core i5-1155G7, 15.6-inch (39.6 cm), FHD, 16GB DDR4, 512GB SSD, Intel Iris Xe Graphics, Backlit KB, Thin & Light (Win 11, MSO 2021, Silver, 1.69 kg), fr4001TU","48,999",4.1 out of 5 stars,3
"ASUS Vivobook S 14 OLED, AMD Ryzen AI 9 HX 370, 2.0GHz, 24GB RAM, 512GB SSD, 3K OLED 16:10 120Hz 400nits, 14"", Windows 11, MS Office 2021, Neutral Black, 1.3KG, M5406WA-PP961WS AI Powered Laptop","1,14,990",4.1 out of 5 stars,127
"Lenovo V15 G3 (2024), Intel Core i3 12th Gen 1215U - (8GB/512GB SSD/Intel UHD Graphics/Windows 11 Home) Thin and Light Business Laptop/15.6"" FHD Display/Iron Grey/1.7 kg/MS Office 2021","31,300",4.7 out of 5 stars,1
"Acer ALG 12th Gen Intel Core i5 Gaming Laptop (16GB RAM/1TB SSD/4GB RTX 2050 Graphics/144Hz/Win11Home/Wifi 6) AL15G-52, 39.62cm (15.6 inch) FHD Display, Premium Metal Body, Steel Gray, 1.59KG","56,999",5.0 out of 5 stars,8
"Apple 2025 MacBook Air 13″ Laptop with M4 chip: Built for Apple Intelligence, 34.46 cm (13.6″) Liquid Retina Display, 16GB Unified Memory, 256GB SSD Storage, 12MP Camera, Touch ID; Sky Blue","99,900",3.9 out of 5 stars,"3,203"
"Lenovo V15 Intel Core i7 12th Gen 15.6"" (39.62 cm) FHD (1920x1080) Antiglare 250 nits Thin and Light Laptop (16GB RAM/512GB SSD/Windows 11 Home/Iron Grey/1Y Onsite/1.7 kg), 82TTA08AIN","44,990",5.0 out of 5 stars,43
"Chuwi HeroBook Plus 15.6"" FHD Laptop, Intel Celeron N4020 Dual Core Processor Upto 2.80GHz, 8GB RAM, 256GB SSD, Intel UHD Graphics, Windows 11,WiFi 6,Webcam,BT 5.2,HDMI Port,38Wh, 1.74kg (Iron Gray)","18,990",3.6 out of 5 stars,482
Dell Latitude 3440 Core i5-12th Gen / 16GB RAM / 512GB SSD / 3 Year Warranty/Windows 11 Pro/FHD/BKL/NO FPR,"54,000",3.5 out of 5 stars,7
"Dᥱll Latitude E7470 6th Gen InteI Core i5 Thin & Light HD Laptop (256 GB SSD|8 GB DDR4 RAM|14"" (35.6 cm)|Windows 11|MS Office|WiFi|BT|InteI HD Graphics (Rᥱfurbished)","15,395",3.8 out of 5 stars,7
Lenovo V14 i5 8th Gen/4GB/256GB SSD/DOS,"41,990",3.9 out of 5 stars,400
"Lenovo IdeaPad Slim 3, Intel Core i5-12450H 12th Gen, 16GB RAM, 512GB SSD, FHD 250Nits, 14""/35.5cm, Windows 11, MSOffice 21, Grey, 1.37Kg, 83EQ005VIN,1Yr Warranty,Alexa Built-in,3 mon. GamePass Laptop","52,390",4.6 out of 5 stars,214
"Apple 2024 MacBook Air (13-inch, Apple M3 chip with 8‑core CPU and 8‑core GPU, 16GB Unified Memory, 256GB) - Midnight","98,990",3.6 out of 5 stars,256
"HP OMEN Gaming AI Laptop, AMD Ryzen 7 7840HS, 6GB NVIDIA RTX 4050, 16GB DDR5, 1TB SSD, (Win 11, Office 21, Black, 2.37kg), 7MS, 165Hz, IPS, 16.1-inch (40.9cm), Tempest Cooling, RGB Keys, xd0015AX","98,999",3.9 out of 5 stars,Not Found
"HP 15s, 12th Gen Intel Core i5 16GB RAM/512GB SSD 15.6-inch(39.6 cm) Micro-Edge Anti-Glare FHD Laptop/Win 11/Intel Iris Xe Graphics/Dual Speakers/Alexa/Backlit KB/MSO/Fast Charge, 15s- fq5112TU","48,900",3.6 out of 5 stars,Not Found
"Acer One 14 AMD Ryzen 3 3250U Processor (8GB RAM/512GB SSD/AMD Radeon Graphics/Windows 11 Home) Thin and Light Laptop Z2-493 with 35.56 cm (14.0"") HD Display","23,100",4.4 out of 5 stars,Not Found
51 Trading Strategies - Optimise Your Trades with 51 Time-tested Strategies by Aseem Singhal | Zebralearn | 7 Categories of Trading Strategies | Technical Analysis | Zebra Learn,"1,490",4 Stars &amp; Up,Not Found
"Lenovo V15 12th Gen Intel Core i7-1255U 15.6"" FHD Thin and Light Laptop (16GB RAM/512GB SSD/Windows 11 Home/MS Office Home & Student 2021/Iron Grey/1.70 kg), 82TTA073IN","45,990",3.2 out of 5 stars,13
"Lenovo Yoga Slim 7 Aura Edition, Intel Core Ultra 7 258V, 32GB RAM, 1TB SSD, 15""/38.86cm, Windows 11, MS Office Home 2024, Grey, 1.53Kg, 83HM004NIN, Copilot+ PC AI Powered Laptop","1,47,990",5.0 out of 5 stars,5
"Dyazo 6 Angles Adjustable Aluminum Ergonomic Foldable Portable Tabletop Laptop/Desktop Riser Stand Holder Compatible for MacBook, HP, Dell, Lenovo & All Other Notebook (Silver)",349,4.3 out of 5 stars,"12,844"
"Apple 2024 MacBook Pro Laptop with M4 chip with 10‑core CPU and 10‑core GPU: Built for Apple Intelligence, (14.2″) Liquid Retina XDR Display, 16GB Unified Memory, 512GB SSD Storage; Space Black","1,62,990",5.0 out of 5 stars,9
"ASUS Vivobook 16, 16.0"" FHD+ (1920 x 1200), Core i9-13900H Processor,(16GB RAM/512GB SSD/Intel Iris Xᵉ iGPU/Windows 11/MS Office 365 Basic(1Year)*/Office Home 2024/Silver/1.68 Kg), X1605VA-MB9946WS","79,990",3.0 out of 5 stars,3
"HP Laptop 240R G9 (2024), Intel Core i3 13th Gen 1315U - (16GB/512GB SSD/Intel UHD Graphics/Windows 11 Home) Thin and Light Business Laptop/14 (35.56cm)/Ash Grey/1.47 kg/MS Office 2021","33,829",4.0 out of 5 stars,"1,927"
"Lenovo IdeaPad 1 Ryzen 5 5625U (16GB RAM/512GB SSD/Windows 11/Office Home 2024/15.6 Inch (39.6cm)/FHD IPS Display/3months Game Pass/Arctic Grey/1.6Kg), 82R4010DIN Laptop","38,990",4.3 out of 5 stars,486
"HP Victus Gaming Laptop, AMD Ryzen 5 5600H, 4GB GTX 1650 GPU, 16.1-inch (40.9 cm) FHD IPS 144Hz, 8GB DDR4, 512GB SSD, Backlit KB, 7ms response time (Win 11, MSO, Silver, 2.48 kg), e0301AX","50,870",5.0 out of 5 stars,1
"Lenovo IdeaPad Slim 5 Snapdragon X Plus X1P-42-100 (16GB RAM/1TB SSD/Integrated Qualcomm Adreno/Copilot+ PC/WUXGA IPS Display/14 (35.5cm)/Windows 11/MS Office 2021/Grey/1.89Kg), 83HL0035IN AI Laptop","79,190",3.8 out of 5 stars,119
"HP 15, 13th Gen Intel Core i5-1334U (16GB DDR4, 512GB SSD) Microsoft365* Office2024, Win11, 15.6inch(39.6cm) FHD Laptop, Intel Iris Xe, FHD Camera w/Privacy Shutter, Backlit, Silver, 1.59kg, fd0467tu","57,990",3.6 out of 5 stars,8
"Lenovo V15 Intel Core i7 12th Gen 15.6"" (39.62 cm) FHD (1920x1080) Antiglare 250 nits Thin and Light Laptop (16GB RAM/512GB SSD/Windows 11 Home/Iron Grey/1Y Onsite/1.7 kg), 82TTA08AIN","44,990",3.6 out of 5 stars,215
"CHUWI CoreBook X Laptop 12thGen i3-1220P Processor, 8GB DDR4 RAM and 512GB SSD, Intel® UHD Graphics,14.0"" FHD IPS Display, Backlit Keyboard, Windows 11 Home, WIFI6, BT5.2, 3.5MM Jack, Metal Body, Grey","22,990",3.4 out of 5 stars,152
"Dell 15 Thin & Light Laptop, Windows 11 Home, Intel Core i5-1235U Processor, 8GB RAM + 512GB SSD, 15.6"" FHD Window 11 + Mso '21, 15 Month Mcafee, Spill-Resistant Keyboard, Black, 1.66Kg","45,990",4.2 out of 5 stars,11
"HP Pavilion Aero AI Laptop, AMD Ryzen 7 8840U, 16 Tops, 16GB LPDDR5x, 512GB SSD, (Win11, Office21, Silver, < 1kg), 13.3-inch (33.8cm), Ultra-Light, WUXGA, AMD Radeon Graphics, 5MP Camera, bg0017AU","82,490",3.8 out of 5 stars,35
"HP Envy x360 2-in-1 Laptop,AMD Ryzen 7 7730U,15.6-inch(39.6 cm),FHD,Touch,16GB RAM,512GB SSD,5MP Camera,Audio by B&O,Windows 11,MSO,Black,1.82 kg,15-fh0032AU","79,490",2.9 out of 5 stars,3
"Dell XPS 9720 Laptop,Intel i9-12900HK, 32GB DDR4 & 1TB SSD,Win 11 + MSO'21, NVIDIA RTX 3060 (6GB GDDR6),17.0"" (43.9Cms) UHD+ AR Infinity Edge Touch 500 nits,15 Month McAfee, Platinum Silver, 2.42Kgs","3,31,353",4.3 out of 5 stars,530
"Lenovo Tab Plus with Octa JBL Hi-Fi Speakers| 8 GB RAM, 128 GB ROM| 11.5 Inch, 2K, 90 Hz Refresh| Wi-Fi Tablet| Android 14| 45 W Fast Charger| Built-in Kickstand| Color: Luna Grey","19,999",4.1 out of 5 stars,34
"HP Envy x360, 12Gen Intel Core i5-1230U, 16GB DDR4, 512GB SSD, 13.3-inch (33.8cm), Touch, IPS, Micro-edge, WUXGA Laptop, Intel Iris Xe graphics, Backlit KB (Win 11, Office 21, Silver, 1.34kg) bf0121TU","82,599",4.0 out of 5 stars,898
"HP 15s Laptop 12th Gen Intel Core i5-1235U, 8GB DDR4, 512GB SSD, (Win 11, Office 21, Silver, 15.6-inch FHD, Intel UHD Graphics, HD Camera, Backlit KB, 1.69kg) fq5111TU/fy5008tu","47,600",3.9 out of 5 stars,127
"Acer ALG 12th Gen Intel Core i5 Gaming Laptop (16GB RAM/512GB SSD/4GB RTX 2050 Graphics/144Hz/Win11Home/Wifi 6) AL15G-52, 39.62cm (15.6 inch) FHD Display, Premium Metal Body, Steel Gray, 1.59KG","53,999",4.0 out of 5 stars,"2,432"
Verilux® USB C Hub 6 in 1 with 87W Power Delivery & USB C Data Transfer Multiport Adapter with 4K@30Hz HDMI SD/TF Card Reader 3.0 USB Hub Type C Hub for MacBook iPhone with Storage Bag 24CM Long Cable,"1,384",4 Stars &amp; Up,Not Found
"HP 15s, 12th Gen Intel Core i5-1235U, 8GB DDR4, 512GB SSD, (Win 11, Office 21, Silver, 1.69kg), FY5008TU Anti-Glare, 15.6-inch(39.6cm), FHD Laptop, Intel UHD Graphics, Backlit KB, HD Camera, fq5329tu","45,022",5 out of 5 stars.,231
"Lenovo V15 12th Gen Intel Core i7-1255U 15.6"" FHD Thin and Light Laptop (16GB RAM/512GB SSD/Windows 11 Home/MS Office Home & Student 2021/Iron Grey/1.70 kg), 82TTA073IN","45,990",5 out of 5 stars.,13
"HP Victus AI Gaming Laptop, 31 Tops, AMD Ryzen 9 8945HS, 8GB RTX 4060 (Upgradable 16GB DDR5, 1TB SSD) Microsoft365* Office2024, Win11, 144Hz,300 nits,IPS, 15.6inch(39.6cm) FHD, Blue, 2.29kg, fb3025AX","1,11,999",4.1 out of 5 stars,5
"Lenovo LOQ 2024, AMD Ryzen 7 7435HS, NVIDIA RTX 4050-6GB, 24GB RAM, 512GB SSD, FHD IPS 144Hz 300Nits, 15.6""/39.6cm, Windows 11, Office 21, Grey, 2.4Kg, 83JC0045IN,100%sRGB,3 Mon.Gamepass Gaming Laptop","82,190",3.2 out of 5 stars,28
"Dell Inspiron 5430 13th Gen Laptop, Intel i5-1335U/8GB LPDDR5/512GB SSD/ 14.0"" (35.56Cms) FHD+ Comfortview/Backlit KB/Win 11 + MSO'21/Mcafee 15 Months/Platinum Silver/Thunderbolt 4.0 Port/1.59KGs","52,690",4.0 out of 5 stars,7
"Acer Aspire Lite, Intel Core i5-1334U, 13th Gen, 16GB RAM, 512GB SSD, Full HD, 15.6""/39.62cm, Windows 11 Home, MS Office, Steel Gray, 1.59KG, AL15-53, Metal Body, Thin and Light Premium Laptop","51,990",4.3 out of 5 stars,3
"ASUS Vivobook 15, 15.6"" FHD,13th Gen Intel Core i7-13620H, Thin & Light Laptop(16GB/512GB/Intel Iris Xᵉ iGPU/Windows 11/MS Office 365 Basic (1Year)*/Office 2024/Quiet Blue/1.7 Kg), X1502VA-BQ838WS","66,990",3.3 out of 5 stars,"1,047"
"Lenovo IdeaPad Slim 3 13th Gen Core i3-1305U (8GB RAM/512GB SSD/Integrated Intel UHD Graphics/14 inch (35.5cm)/Windows 11/ MS Office 2021/Grey/1.3Kg), 82X6004GIN Thin & Light Laptop","2,15,590",5.0 out of 5 stars,16
"Dell [Smartchoice] Alienware M16 R2 Gaming Laptop,Intel Ultra 9 185H,32GB DDR5,1TB SSD,Nvidia RTX 4070 8 Gb GDDR6,16"" (40.6Cm) QHD+ 240Hz,Nvidia G-Sync +Alienfx RGB Backlit Kb,Dark Metallic,2.61Kg","1,19,990",4.1 out of 5 stars,13
"HP OMEN, 14th Gen Intel Core i7-14650HX, 8GB NVIDIA RTX 4060, 16GB DDR5, 1TB SSD, (Win11, Office21, Black, 2.39kg), 144Hz, IPS, 16.1-inch(40.9cm) Gaming Laptop, Tempest Cooling, Backlit KB, wf1096TX","37,990",3.4 out of 5 stars,2
"HP Laptop 15, AMD Ryzen™ 5 7520U, 15.6-inch (39.6 cm), FHD, 8GB LPDDR5, 512GB SSD, Dual Speakers,MSO,Windows 11,Natural Silver, 1.69 kg, 15s-fc0155AU","44,990",3.3 out of 5 stars,8
"Lenovo V15 Intel Core i7 12th Gen 15.6"" (39.62 cm) FHD (1920x1080) Antiglare 250 nits Thin and Light Laptop (16GB RAM/512GB SSD/Windows 11 Home/Iron Grey/1Y Onsite/1.7 kg), 82TTA08AIN","31,939",5.0 out of 5 stars,2
"HP Laptop 247 G8 (2024), AMD Ryzen 5 3500U Quad Core - (16GB/512GB SSD/AMD Radeon Graphics/Windows 11 Pro) Thin and Light Business Laptop/14 (35.56cm)/Black/1.47 kg/MS Office 2021","84,990",3.6 out of 5 stars,181
"ASUS Vivobook 16X, 16"" FHD+, 144Hz 300nits, Intel Core i5-12500H 2.5 GHz, Creator/Gaming Laptop (16GB RAM/512GB SSD/RTX 4050/win 11/Office Home/70WHr Battery/Indie Black/1.80 kg), K3605ZU-RP304WS","1,44,990",3.6 out of 5 stars,67
"Acer Predator Helios Neo 16 Gaming Laptop 14th Gen Intel Core i7 Processor (Windows 11 Home/16 GB/1 TB SSD/NVIDIA GeForce RTX 4060) PHN16-72 with 40.64 cm (16"") WQXGA Display","56,990",3.6 out of 5 stars,41
"Dell 15 Thin & Light Laptop, Intel Core 13th Generation i5-1334U Processor, 16GB DDR4 & 512GB SSD, 15.6"" (39.62cm) FHD 120Hz 250 nits, Windows 11 + MSO'21 + 15 Month Mcafee, Carbon Black, 1.66kg","79,990",4.1 out of 5 stars,483
"HP Envy x360, AMD Ryzen 5 7530U, 16GB LPDDR5, 512GB SSD, (Win 11, Office21, Black, 2.14kg), IPS, Touchscreen, 15.6-inch (39.6cm), FHD Laptop, AMD Radeon Graphics, 5MP IR Camera, Backlit KB, fh0015AU","94,500",3.7 out of 5 stars,11
"HP Pavilion x360, 13th Gen Intel Core i7-1355U, 16GB DDR4, 512GB SSD, (Win 11, Office 21, Gold,1.51kg),Touchscreen, IPS,15.6-inch(39.6cm) FHD Laptop, Iris Xe Graphics, 5MP camera, Backlit KB, ek1020TU","27,840",4.0 out of 5 stars,6
"Lenovo V15 G3 (82TTA01EIN) Laptop (Intel Core i3-1215U/ 8GB RAM/ 512GB SSD/DOS/ 15.6"" FHD/ 1 Year Warranty), Iron Grey","56,990",4.1 out of 5 stars,256
"ASUS Vivobook 15, 15.6"" FHD, 13th Gen Intel Core i5-13420H, Thin & Light Laptop(16GB RAM/512GB SSD/Intel Iris Xᵉ iGPU/Windows 11/MS Office 365 Basic(1Year)*/Office 2024/Blue/1.5 Kg),X1502VA-BQ836WS","1,490",3.3 out of 5 stars,Not Found
51 Trading Strategies - Optimise Your Trades with 51 Time-tested Strategies by Aseem Singhal | Zebralearn | 7 Categories of Trading Strategies | Technical Analysis | Zebra Learn,Not Found,4.4 out of 5 stars,Not Found
"Lenovo Thinkbook 16 AMD Ryzen 7 16"" WUXGA IPS Antiglare 300 NITS Thin and Light Laptop (16GB Ram/512GB SSD/Windows 11 Home/Fpr/Office 2021/Arctic Grey/1 Year Onsite/1.7 Kg), 21KKA0G1IN","54,989",2.9 out of 5 stars.,99
"Lenovo Yoga Slim 7 Aura Edition, Intel Core Ultra 7 258V, 32GB RAM, 1TB SSD, 15""/38.86cm, Windows 11, MS Office Home 2024, Grey, 1.53Kg, 83HM004NIN, Copilot+ PC AI Powered Laptop","1,47,990",3.5 out of 5 stars.,5
HP Firefly 16 inch G11/BZ MB WS ZB/Firefly 16 G11/DSC U7-155H/32GB/1TB SSD/RTX A500 4GB/Win11 Pro 64/3 Year Warranty(A1VX4PT),"1,42,000",3.8 out of 5 stars.,1
"Lenovo IdeaPad 1, AMD Ryzen 5 5500U, 8GB RAM, 512GB SSD, FHD, 15.6""/39.62cm, Windows 11, MSOffice 2021, Grey, 1.6Kg, 82R400BRIN, Integrated AMD Graphics, HD Camera, 1 Year ADP Free, Thin &Light Laptop","35,499",4.1 out of 5 stars,"1,927"
"Lenovo V15 Intel Core i7 12th Gen 15.6"" (39.62 cm) FHD (1920x1080) Antiglare 250 nits Thin and Light Laptop (16GB RAM/512GB SSD/Windows 11 Home/Iron Grey/1Y Onsite/1.7 kg), 82TTA08AIN","44,990",5.0 out of 5 stars,8
"Chuwi HeroBook Plus 15.6"" FHD Laptop, Intel Celeron N4020 Dual Core Processor Upto 2.80GHz, 8GB RAM, 256GB SSD, Intel UHD Graphics, Windows 11,WiFi 6,Webcam,BT 5.2,HDMI Port,38Wh, 1.74kg (Iron Gray)","18,990",5.0 out of 5 stars,"3,203"
"STEADFAST CC13-7 Sheets Microcut Shredder Shreds Paper, CD, Credit Card and Staples into 2 x 9 mm Unreadable Particles with 15L Bin (White)","9,699",4.0 out of 5 stars,11
